,X,Player,Pos,MP,FG,FGA,FG.,X3P,X3PA,X3P.,X2P,X2PA,X2P.,eFG.,FT,FTA,FT.,ORB,DRB,TRB,AST,STL,BLK,TOV,PF,PTS,group
229,247,Aaron Gordon\gordoaa01,PF,33.8,6,13.4,0.449,1.6,4.4,0.349,4.5,9,0.499,0.507,2.4,3.2,0.731,1.7,5.7,7.4,3.7,0.7,0.7,2.1,2.2,16,Mobile Bigs
146,298,Aaron Holiday\holidaa01,PG,12.9,2.1,5.2,0.401,0.9,2.5,0.339,1.2,2.7,0.459,0.483,0.8,1,0.82,0.1,1.2,1.3,1.7,0.4,0.3,0.8,1.4,5.9,Role Players
408,498,Abdel Nader\naderab01,SF,11.4,1.5,3.5,0.423,0.5,1.6,0.32,1,1.9,0.513,0.498,0.4,0.6,0.75,0.2,1.7,1.9,0.3,0.3,0.2,0.4,1.1,4,Combo Players
30,309,Al Horford\horfoal01,C,29,5.7,10.6,0.535,1.1,3,0.36,4.6,7.6,0.604,0.586,1.1,1.4,0.821,1.8,5,6.7,4.2,0.9,1.3,1.5,1.9,13.6,Stationary Bigs
217,13,Al-Farouq Aminu\aminual01,PF,28.3,3.2,7.3,0.433,1.2,3.5,0.343,2,3.9,0.514,0.514,1.9,2.1,0.867,1.4,6.1,7.5,1.3,0.8,0.4,0.9,1.8,9.4,Mobile Bigs
130,98,Alec Burks\burksal01,SG,21.5,3,7.4,0.405,1,2.6,0.363,2,4.8,0.428,0.469,1.8,2.2,0.823,0.5,3.2,3.7,2,0.6,0.3,1,1.4,8.8,Role Players
491,2,Álex Abrines\abrinal01,SG,19,1.8,5.1,0.357,1.3,4.1,0.323,0.5,1,0.5,0.487,0.4,0.4,0.923,0.2,1.4,1.5,0.6,0.5,0.2,0.5,1.7,5.3,3 Point Specialists
246,397,Alex Len\lenal01,C,20.1,4.2,8.4,0.494,1,2.6,0.363,3.2,5.8,0.554,0.551,1.8,2.8,0.648,2.1,3.5,5.5,1.1,0.4,0.9,1.3,2.6,11.1,Mobile Bigs
473,451,Alfonzo McKinnie\mckinal01,SF,13.9,1.9,3.8,0.487,0.6,1.6,0.356,1.3,2.2,0.586,0.564,0.4,0.7,0.563,1.1,2.3,3.4,0.4,0.3,0.2,0.4,1.9,4.7,Versatile Forwards
499,151,Allen Crabbe\crabbal01,SG,26.3,3.2,8.7,0.367,2.3,6,0.378,0.9,2.7,0.342,0.499,1,1.3,0.732,0.4,3.1,3.4,1.1,0.5,0.3,1.1,2.4,9.6,3 Point Specialists
210,650,Allonzo Trier\trieral01,SG,22.8,3.6,8.1,0.448,0.8,2.1,0.394,2.8,6,0.466,0.498,2.8,3.5,0.803,0.5,2.6,3.1,1.9,0.4,0.2,1.8,1.8,10.9,Role Players
239,340,Amir Johnson\johnsam01,C,10.4,1.5,3.1,0.503,0.2,0.8,0.3,1.3,2.3,0.573,0.541,0.6,0.8,0.756,0.9,2,2.9,1.2,0.3,0.3,0.9,1.9,3.9,Mobile Bigs
22,189,Andre Drummond\drumman01,C,33.5,7.1,13.3,0.533,0.1,0.5,0.132,7,12.8,0.548,0.536,3.1,5.2,0.59,5.4,10.2,15.6,1.4,1.7,1.7,2.2,3.4,17.3,Stationary Bigs
458,317,Andre Iguodala\iguodan01,SF,23.2,2.2,4.4,0.5,0.7,2.1,0.333,1.5,2.3,0.652,0.579,0.6,1,0.582,0.7,3,3.7,3.2,0.9,0.8,0.8,1.4,5.7,Versatile Forwards
343,680,Andrew Wiggins\wiggian01,SF,34.8,6.8,16.6,0.412,1.6,4.8,0.339,5.2,11.8,0.441,0.461,2.8,4.1,0.699,1.1,3.7,4.8,2.5,1,0.7,1.9,2.1,18.1,Designated Scorers
19,162,Anthony Davis\davisan02,C,33,9.5,18.3,0.517,0.9,2.6,0.331,8.6,15.7,0.547,0.54,6.1,7.7,0.794,3.1,8.9,12,3.9,1.6,2.4,2,2.4,25.9,Stationary Bigs
531,647,Anthony Tolliver\tollian01,PF,16.6,1.5,4,0.382,1.2,3.3,0.377,0.3,0.7,0.409,0.539,0.7,0.9,0.783,0.2,2.5,2.7,0.7,0.3,0.3,0.6,1.4,5,3 Point Specialists
123,61,Antonio Blakeney\blakean01,SG,14.5,2.9,6.9,0.419,0.6,1.6,0.396,2.3,5.4,0.426,0.465,0.9,1.3,0.658,0.1,1.7,1.9,0.7,0.2,0.2,0.6,0.7,7.3,Role Players
9,46,Aron Baynes\baynear01,C,16.1,2.1,4.4,0.471,0.4,1.2,0.344,1.6,3.2,0.519,0.518,1,1.2,0.855,1.7,3,4.7,1.1,0.2,0.7,0.8,2.5,5.6,Stationary Bigs
185,561,Austin Rivers\riverau01,SG,26.7,3.1,7.5,0.406,1.4,4.3,0.318,1.7,3.2,0.522,0.497,0.7,1.3,0.526,0.3,1.8,2.1,2.2,0.6,0.3,0.9,2.7,8.1,Role Players
283,71,Avery Bradley\bradlav01,SG,30.2,3.9,9.7,0.408,1.4,3.9,0.351,2.6,5.8,0.446,0.479,0.7,0.8,0.86,0.7,2.1,2.8,2.4,0.7,0.3,1.4,2.7,9.9,Designated Scorers
2,5,Bam Adebayo\adebaba01,C,23.3,3.4,5.9,0.576,0,0.2,0.2,3.4,5.7,0.588,0.579,2,2.8,0.735,2,5.3,7.3,2.2,0.9,0.8,1.5,2.5,8.9,Stationary Bigs
108,599,Ben Simmons\simmobe01,PG,34.2,6.8,12.2,0.563,0,0.1,0,6.8,12.1,0.566,0.563,3.3,5.4,0.6,2.2,6.6,8.8,7.7,1.4,0.8,3.5,2.6,16.9,Floor Generals
145,262,Blake Griffin\griffbl01,PF,35,8.3,17.9,0.462,2.5,7,0.362,5.7,10.9,0.525,0.532,5.5,7.3,0.753,1.3,6.2,7.5,5.4,0.7,0.4,3.4,2.7,24.5,Role Players
39,430,Boban Marjanović\marjabo01,C,11.7,2.8,4.5,0.615,0.1,0.2,0.4,2.7,4.3,0.624,0.623,1.7,2.3,0.748,1.5,3.1,4.6,0.9,0.3,0.5,1,1.6,7.3,Stationary Bigs
261,546,Bobby Portis\portibo01,PF,26,5.6,12.6,0.444,1.5,3.8,0.393,4.1,8.7,0.467,0.504,1.5,1.9,0.794,2.2,5.9,8.1,1.4,0.7,0.4,1.5,2.9,14.2,Mobile Bigs
281,64,Bogdan Bogdanović\bogdabo01,SG,27.8,5.2,12.3,0.418,1.9,5.3,0.36,3.2,7,0.462,0.496,1.9,2.3,0.827,0.6,2.9,3.5,3.8,1,0.2,1.7,2,14.1,Designated Scorers
353,65,Bojan Bogdanović\bogdabo02,SF,31.8,6.4,13,0.497,2,4.8,0.425,4.4,8.2,0.538,0.575,3,3.8,0.807,0.4,3.7,4.1,2,0.9,0,1.7,1.7,18,Combo Players
532,671,Brad Wanamaker\wanambr01,PG,9.5,1.4,2.9,0.476,0.4,1.1,0.41,0.9,1.8,0.515,0.552,0.7,0.8,0.857,0.1,1.1,1.1,1.6,0.3,0.1,0.5,0.9,3.9,3 Point Specialists
278,48,Bradley Beal\bealbr01,SG,36.9,9.3,19.6,0.475,2.5,7.3,0.351,6.8,12.4,0.548,0.54,4.4,5.5,0.808,1.1,3.9,5,5.5,1.5,0.7,2.7,2.8,25.6,Designated Scorers
150,321,Brandon Ingram\ingrabr01,SF,33.8,7,14,0.497,0.6,1.8,0.33,6.4,12.2,0.521,0.518,3.8,5.6,0.675,0.8,4.3,5.1,3,0.5,0.6,2.5,2.9,18.3,Role Players
161,373,Brandon Knight\knighbr03,PG,18.9,2.5,6.7,0.381,1.1,3.3,0.318,1.5,3.4,0.443,0.46,0.7,0.9,0.794,0.3,1.3,1.5,1.8,0.5,0.1,0.8,1.6,6.8,Role Players
468,409,Brook Lopez\lopezbr01,C,28.7,4.4,9.7,0.452,2.3,6.3,0.365,2.1,3.4,0.613,0.571,1.4,1.6,0.842,0.4,4.5,4.9,1.2,0.6,2.2,1,2.3,12.5,Versatile Forwards
126,85,Bruce Brown\brownbr01,SG,19.6,1.7,4.2,0.398,0.3,1.3,0.258,1.4,3,0.457,0.436,0.6,0.8,0.75,0.6,1.9,2.5,1.2,0.5,0.5,0.6,2.4,4.3,Role Players
435,106,Bruno Caboclo\cabocbr01,SF,23.5,2.8,6.6,0.427,1.4,3.8,0.369,1.4,2.8,0.505,0.533,1.2,1.5,0.84,1.2,3.4,4.6,1.5,0.4,1,1.1,2.4,8.3,Versatile Forwards
295,221,Bryn Forbes\forbebr01,SG,28,4.4,9.6,0.456,2.1,5,0.426,2.3,4.6,0.489,0.568,0.8,1,0.885,0.2,2.7,2.9,2.1,0.5,0,1,1.9,11.8,Designated Scorers
304,291,Buddy Hield\hieldbu01,SG,31.9,7.6,16.6,0.458,3.4,7.9,0.427,4.2,8.6,0.487,0.56,2.1,2.4,0.886,1.3,3.7,5,2.5,0.7,0.4,1.8,2.5,20.7,Designated Scorers
171,459,C.J. Miles\milescj01,SF,16.2,2.1,5.9,0.36,1.3,3.8,0.33,0.8,2,0.417,0.468,0.9,1.1,0.828,0.2,1.5,1.8,0.7,0.5,0.3,0.6,1.5,6.4,Role Players
99,533,Cameron Payne\payneca01,PG,17.8,2.4,5.6,0.43,0.6,2.1,0.298,1.8,3.5,0.511,0.487,0.8,1,0.805,0.3,1.5,1.8,2.7,0.7,0.2,1.1,1.6,6.3,Floor Generals
313,4011,Caris LeVert\leverca01,SF,26.6,5.2,12.1,0.429,1.2,3.9,0.312,4,8.2,0.483,0.478,2.1,3.1,0.691,0.9,2.9,3.8,3.9,1.1,0.4,1.7,1.9,13.7,Designated Scorers
326,520,Cedi Osman\osmande01,SF,32.2,4.7,11.1,0.427,1.7,4.9,0.348,3,6.2,0.489,0.504,1.9,2.4,0.779,0.6,4.1,4.7,2.6,0.8,0.1,1.5,2.6,13,Designated Scorers
395,315,Chandler Hutchison\hutchch01,SF,20.3,2.2,4.8,0.459,0.3,1.1,0.28,1.9,3.6,0.516,0.493,0.5,0.9,0.605,0.7,3.5,4.2,0.8,0.5,0.1,0.6,1.3,5.2,Combo Players
504,229,Channing Frye\fryech01,C,9.5,1.2,3.3,0.368,0.9,2.2,0.405,0.3,1.1,0.289,0.504,0.3,0.4,0.786,0.1,1.3,1.4,0.6,0.2,0.1,0.4,1.2,3.6,3 Point Specialists
519,554,Chasson Randle\randlch01,PG,15.2,1.9,4.4,0.419,0.9,2.3,0.4,0.9,2.1,0.441,0.525,0.9,1.3,0.694,0.2,0.9,1.1,2,0.5,0.1,0.9,1.9,5.5,3 Point Specialists
21,177,Cheick Diallo\diallch01,PF,14,2.6,4.2,0.62,0,0.1,0.25,2.6,4.2,0.625,0.622,0.8,1,0.746,1.2,4,5.2,0.5,0.5,0.5,0.8,1.8,6,Stationary Bigs
98,532,Chris Paul\paulch01,PG,32,5.2,12.4,0.419,2.2,6.1,0.358,3,6.3,0.479,0.508,3,3.5,0.862,0.6,3.9,4.6,8.2,2,0.3,2.6,2.5,15.6,Floor Generals
318,446,CJ McCollum\mccolcj01,SG,33.9,8.2,17.8,0.459,2.4,6.4,0.375,5.8,11.4,0.506,0.527,2.3,2.7,0.828,0.9,3.1,4,3,0.8,0.4,1.5,2.5,21,Designated Scorers
56,701,Cody Zeller\zelleco01,C,25.4,3.9,7,0.551,0.1,0.4,0.273,3.8,6.6,0.57,0.559,2.3,2.9,0.787,2.2,4.6,6.8,2.1,0.8,0.8,1.3,3.3,10.1,Stationary Bigs
337,590,Collin Sexton\sextoco01,PG,31.8,6.3,14.7,0.43,1.5,3.6,0.402,4.9,11.1,0.44,0.48,2.6,3.1,0.839,0.7,2.2,2.9,3,0.5,0.1,2.3,2.3,16.7,Designated Scorers
124,75,Corey Brewer\breweco01,SF,15.9,1.7,4,0.431,0.5,1.4,0.318,1.3,2.5,0.494,0.488,1,1.4,0.721,0.8,1.6,2.5,1.3,1,0.2,0.6,2,4.9,Role Players
160,364,Cory Joseph\josepco01,PG,25.2,2.8,6.7,0.412,0.7,2.1,0.322,2.1,4.6,0.454,0.463,0.4,0.5,0.698,0.5,2.9,3.4,3.9,1.1,0.3,1,1.6,6.5,Role Players
162,392,Courtney Lee\leeco01,SG,12.6,1.6,3.8,0.411,0.5,1.6,0.291,1.1,2.2,0.5,0.473,0.4,0.6,0.667,0.3,1.3,1.6,1.1,0.6,0.1,0.4,0.9,4,Role Players
26,216,Cristiano Felício\feliccr01,C,12.4,1.6,3,0.531,0,0.1,0,1.6,2.9,0.543,0.531,0.8,1.2,0.685,1.3,2.3,3.6,0.6,0.2,0.1,0.6,1.2,4,Stationary Bigs
58,28,D.J. Augustin\augusdj01,PG,28,3.9,8.4,0.47,1.6,3.8,0.421,2.3,4.5,0.511,0.566,2.2,2.6,0.866,0.5,2,2.5,5.3,0.6,0,1.6,1.4,11.7,Floor Generals
490,689,D.J. Wilson\wilsodj01,PF,18.4,2.2,5.2,0.414,1,2.6,0.362,1.2,2.6,0.468,0.506,0.5,1,0.553,0.9,3.7,4.6,1.1,0.4,0.4,0.7,1.8,5.8,Versatile Forwards
332,574,D'Angelo Russell\russeda01,PG,30.2,8.1,18.7,0.434,2.9,7.8,0.369,5.2,10.9,0.482,0.512,2,2.5,0.78,0.7,3.2,3.9,7,1.2,0.2,3.1,1.7,21.1,Designated Scorers
89,402,Damian Lillard\lillada01,PG,35.5,8.5,19.2,0.444,3,8,0.369,5.6,11.1,0.499,0.522,5.9,6.4,0.912,0.9,3.8,4.6,6.9,1.1,0.4,2.7,1.9,25.8,Floor Generals
513,395,Damion Lee\leeda03,SG,11.7,1.8,4,0.441,0.8,2.1,0.397,0.9,1.8,0.492,0.547,0.6,0.7,0.864,0.3,1.8,2,0.4,0.4,0,0.3,0.9,4.9,3 Point Specialists
294,186,Damyean Dotson\dotsoda01,SG,27.5,4,9.6,0.415,1.7,4.7,0.368,2.2,4.9,0.461,0.506,1,1.3,0.745,0.5,3.1,3.6,1.8,0.8,0.1,1,1.8,10.7,Designated Scorers
53,640,Daniel Theis\theisda01,C,13.8,2.2,4,0.549,0.4,1,0.388,1.8,3,0.603,0.598,0.8,1.2,0.737,1.3,2.1,3.4,1,0.3,0.6,0.5,2.4,5.7,Stationary Bigs
222,231,Danilo Gallinari\gallida01,SF,30.3,6,13,0.463,2.4,5.5,0.433,3.6,7.5,0.484,0.554,5.4,6,0.904,0.8,5.3,6.1,2.6,0.7,0.3,1.5,1.9,19.8,Mobile Bigs
506,255,Danny Green\greenda02,SG,27.7,3.7,7.9,0.465,2.5,5.4,0.455,1.2,2.4,0.487,0.622,0.5,0.6,0.841,0.8,3.2,4,1.6,0.9,0.7,0.9,2.1,10.3,3 Point Specialists
500,158,Dante Cunningham\cunnida01,PF,14.5,1.2,2.5,0.475,0.5,1,0.462,0.7,1.5,0.484,0.57,0.2,0.3,0.778,0.8,2.2,2.9,0.8,0.4,0.2,0.3,1.1,3,3 Point Specialists
76,211,Dante Exum\exumda01,PG,15.8,2.4,5.7,0.419,0.4,1.5,0.29,2,4.3,0.464,0.456,1.6,2,0.791,0.4,1.2,1.6,2.6,0.3,0.1,1.2,1.6,6.9,Floor Generals
457,310,Danuel House\houseda01,SF,25.1,3,6.5,0.468,1.9,4.6,0.416,1.1,1.9,0.595,0.615,1.4,1.8,0.789,0.6,2.9,3.6,1,0.5,0.3,0.9,2.1,9.4,Versatile Forwards
264,578,Dario Šarić\saricda01,PF,25,3.8,8.6,0.437,1.5,4,0.365,2.3,4.6,0.499,0.522,1.6,1.9,0.88,1.6,4.1,5.6,1.6,0.6,0.1,1.2,2.2,10.6,Mobile Bigs
516,462,Darius Miller\milleda01,SF,25.5,2.7,7,0.39,1.9,5.3,0.365,0.8,1.7,0.467,0.528,0.8,1,0.789,0.2,1.7,1.9,2.1,0.6,0.3,0.9,2.4,8.2,3 Point Specialists
65,142,Darren Collison\collida01,PG,28.2,4.1,8.7,0.467,1,2.6,0.407,3,6.1,0.492,0.527,2.1,2.5,0.832,0.5,2.6,3.1,6,1.4,0.1,1.6,1.8,11.2,Floor Generals
182,511,David Nwaba\nwabada01,SG,19.3,2.5,5.1,0.481,0.5,1.5,0.32,2,3.7,0.545,0.527,1.1,1.7,0.682,0.8,2.4,3.2,1.1,0.7,0.3,0.6,2.1,6.5,Role Players
494,56,Dāvis Bertāns\bertada01,PF,21.5,2.7,6,0.45,1.9,4.4,0.429,0.8,1.5,0.513,0.61,0.7,0.8,0.883,0.3,3.2,3.5,1.3,0.5,0.4,0.6,1.8,8,3 Point Specialists
77,223,De'Aaron Fox\foxde01,PG,31.4,6.2,13.6,0.458,1.1,2.9,0.371,5.2,10.7,0.482,0.497,3.7,5.1,0.727,0.5,3.2,3.8,7.3,1.6,0.6,2.8,2.5,17.3,Floor Generals
170,456,De'Anthony Melton\meltode01,PG,19.7,2,5.1,0.391,0.6,1.9,0.305,1.4,3.2,0.441,0.447,0.4,0.6,0.75,0.5,2.2,2.7,3.2,1.4,0.5,1.5,2.3,5,Role Players
7,29,Deandre Ayton\aytonde01,C,30.7,7.2,12.3,0.585,0,0.1,0,7.2,12.2,0.588,0.585,2,2.7,0.746,3.1,7.1,10.3,1.8,0.9,0.9,1.8,2.9,16.3,Stationary Bigs
352,53,DeAndre' Bembry\bembrde01,SG,23.5,3.4,7.5,0.446,0.6,2.1,0.289,2.7,5.4,0.508,0.487,1.1,1.7,0.64,0.7,3.7,4.4,2.5,1.3,0.5,1.7,2.3,8.4,Combo Players
118,694,Delon Wright\wrighde01,PG,22.7,3.2,7.4,0.434,0.7,2.2,0.298,2.6,5.2,0.492,0.478,1.6,2,0.793,0.9,2.6,3.5,3.3,1.2,0.4,1,1.4,8.7,Floor Generals
72,175,DeMar DeRozan\derozde01,SG,34.9,8.2,17.1,0.481,0.1,0.6,0.156,8.1,16.5,0.492,0.483,4.8,5.7,0.83,0.7,5.3,6,6.2,1.1,0.5,2.6,2.3,21.2,Floor Generals
362,114,DeMarre Carroll\carrode01,PF,25.4,3.4,8.6,0.395,1.6,4.6,0.342,1.8,4,0.457,0.487,2.7,3.6,0.76,1,4.2,5.2,1.3,0.5,0.1,1.1,1.7,11.1,Combo Players
333,582,Dennis Schröder\schrode01,PG,29.3,5.8,14,0.414,1.6,4.6,0.341,4.2,9.4,0.45,0.47,2.4,2.9,0.819,0.5,3.1,3.6,4.1,0.8,0.2,2.2,2.4,15.5,Designated Scorers
203,606,Dennis Smith\smithde03,PG,28.5,5.2,12.3,0.428,1.3,3.9,0.322,4,8.3,0.477,0.479,1.9,2.9,0.635,0.6,2.3,2.9,4.8,1.3,0.4,2.9,2.4,13.6,Role Players
134,102,Deonte Burton\burtode02,SG,7.5,1,2.6,0.402,0.3,0.8,0.296,0.8,1.7,0.455,0.451,0.3,0.4,0.667,0.1,0.8,0.9,0.3,0.2,0.3,0.3,1,2.6,Role Players
25,215,Derrick Favors\favorde01,C,23.2,4.8,8.1,0.586,0.2,1,0.218,4.6,7.1,0.64,0.6,2,3,0.675,2.7,4.6,7.4,1.2,0.7,1.4,1.1,2.1,11.8,Stationary Bigs
463,356,Derrick Jones\jonesde02,SF,19.2,2.7,5.4,0.494,0.5,1.5,0.308,2.2,3.9,0.567,0.537,1.2,2,0.607,1.6,2.4,4,0.6,0.8,0.7,0.7,2.1,7,Versatile Forwards
105,570,Derrick Rose\rosede01,PG,27.3,7.1,14.8,0.482,1.1,2.9,0.37,6.1,11.9,0.509,0.518,2.7,3.1,0.856,0.6,2.1,2.7,4.3,0.6,0.2,1.6,1.1,18,Floor Generals
116,677,Derrick White\whitede01,PG,25.8,3.9,8.1,0.479,0.7,2.1,0.338,3.2,6,0.529,0.523,1.4,1.8,0.772,0.5,3.2,3.7,3.9,1,0.7,1.4,2.2,9.9,Floor Generals
282,69,Devin Booker\bookede01,SG,35,9.2,19.6,0.467,2.1,6.5,0.326,7,13.1,0.536,0.521,6.1,7.1,0.866,0.6,3.5,4.1,6.8,0.9,0.2,4.1,3.1,26.6,Designated Scorers
376,2711,Devin Harris\harride01,PG,15.8,1.9,5.1,0.38,0.9,2.9,0.31,1,2.2,0.476,0.47,1.5,2,0.761,0.2,1.5,1.6,1.8,0.5,0.2,0.8,2,6.3,Combo Players
144,250,Devonte' Graham\grahade01,PG,14.7,1.6,4.7,0.343,0.7,2.6,0.281,0.9,2.1,0.421,0.421,0.8,1,0.761,0.2,1.2,1.4,2.6,0.5,0,0.7,1,4.7,Role Players
221,166,Dewayne Dedmon\dedmode01,C,25.1,4,8.2,0.492,1.3,3.4,0.382,2.8,4.8,0.57,0.571,1.4,1.8,0.814,1.6,5.9,7.5,1.4,1.1,1.1,1.3,3.3,10.8,Mobile Bigs
339,665,Dion Waiters\waitedi01,SG,25.9,4.5,10.9,0.414,2.5,6.6,0.377,2,4.3,0.471,0.528,0.5,1,0.5,0.2,2.5,2.6,2.8,0.7,0.2,1.5,1.6,12,Designated Scorers
180,505,Dirk Nowitzki\nowitdi01,PF,15.6,2.6,7.4,0.359,1.3,4,0.312,1.4,3.4,0.415,0.444,0.8,1,0.78,0.1,3,3.1,0.7,0.2,0.4,0.4,1.5,7.3,Role Players
263,575,Domantas Sabonis\sabondo01,C,24.8,5.6,9.5,0.59,0.1,0.2,0.529,5.5,9.2,0.592,0.596,2.8,3.9,0.715,2.5,6.8,9.3,2.9,0.6,0.4,2.2,3.2,14.1,Mobile Bigs
321,470,Donovan Mitchell\mitchdo01,SG,33.7,8.6,19.9,0.432,2.4,6.7,0.362,6.1,13.1,0.468,0.493,4.1,5.1,0.806,0.8,3.3,4.1,4.2,1.4,0.4,2.8,2.7,23.8,Designated Scorers
450,220,Dorian Finney-Smith\finnedo01,SF,24.5,2.8,6.5,0.432,1,3.1,0.311,1.8,3.4,0.544,0.507,0.9,1.3,0.709,1.7,3.1,4.8,1.2,0.9,0.4,0.9,2.3,7.5,Versatile Forwards
515,448,Doug McDermott\mcderdo01,SF,17.4,2.7,5.5,0.491,1.1,2.7,0.408,1.6,2.8,0.569,0.59,0.9,1,0.835,0.2,1.2,1.4,0.9,0.2,0.1,0.5,1.4,7.3,3 Point Specialists
431,54,Dragan Bender\bendedr01,PF,18,1.9,4.3,0.447,0.5,2.2,0.218,1.4,2.1,0.688,0.503,0.7,1.2,0.593,0.7,3.2,4,1.2,0.4,0.5,0.8,2,5,Versatile Forwards
83,256,Draymond Green\greendr01,PF,31.3,2.8,6.4,0.445,0.7,2.5,0.285,2.1,3.9,0.549,0.501,1,1.4,0.692,0.9,6.4,7.3,6.9,1.4,1.1,2.6,3,7.4,Floor Generals
272,30,Dwayne Bacon\bacondw01,SG,17.7,2.8,6,0.475,0.9,2,0.437,2,4,0.494,0.549,0.8,1.1,0.739,0.2,1.9,2.1,1.1,0.3,0.1,0.4,1.7,7.3,Designated Scorers
51,549,Dwight Powell\poweldw01,C,21.6,3.8,6.3,0.597,0.5,1.6,0.307,3.3,4.7,0.699,0.637,2.5,3.3,0.772,1.8,3.5,5.3,1.5,0.6,0.6,0.9,2.6,10.6,Stationary Bigs
211,663,Dwyane Wade\wadedw01,SG,26.2,5.8,13.3,0.433,1.2,3.6,0.33,4.6,9.7,0.472,0.478,2.3,3.2,0.708,1,3,4,4.2,0.8,0.5,2.3,1.6,15,Role Players
322,477,E'Twaun Moore\mooreet01,SG,27.6,4.8,10,0.481,1.4,3.3,0.432,3.4,6.7,0.506,0.553,0.8,1.1,0.763,0.7,1.7,2.4,1.9,0.8,0.2,1.1,2.1,11.9,Designated Scorers
20,164,Ed Davis\davised01,C,17.9,2.3,3.7,0.616,0,0,0,2.3,3.7,0.62,0.616,1.2,2,0.617,2.7,5.9,8.6,0.8,0.4,0.4,0.8,2.8,5.8,Stationary Bigs
103,536,Elfrid Payton\paytoel01,PG,29.8,4.3,9.8,0.434,0.8,2.5,0.314,3.5,7.3,0.476,0.475,1.3,1.8,0.743,1.2,4.1,5.2,7.6,1,0.4,2.7,1.9,10.6,Floor Generals
183,516,Elie Okobo\okoboel01,PG,18.1,2.2,5.5,0.393,0.7,2.5,0.295,1.4,3,0.475,0.46,0.7,0.9,0.787,0.2,1.6,1.8,2.4,0.6,0.1,1.3,2.1,5.7,Role Players
323,489,Emmanuel Mudiay\mudiaem01,PG,27.2,5.6,12.5,0.446,1.2,3.6,0.329,4.4,9,0.492,0.493,2.4,3.2,0.774,0.6,2.8,3.3,3.9,0.7,0.3,2.4,1.7,14.8,Designated Scorers
241,366,Enes Kanter\kanteen01,C,24.5,5.6,10.2,0.549,0.1,0.5,0.294,5.4,9.7,0.562,0.556,2.3,2.9,0.787,3.8,6,9.8,1.7,0.5,0.4,1.8,2.5,13.7,Mobile Bigs
62,62,Eric Bledsoe\bledser01,PG,29.1,6,12.4,0.484,1.6,4.8,0.329,4.4,7.6,0.582,0.548,2.3,3,0.75,1.1,3.6,4.6,5.5,1.5,0.4,2.1,2,15.9,Floor Generals
297,248,Eric Gordon\gordoer01,SG,31.7,5.6,13.8,0.409,3.2,8.8,0.36,2.5,5,0.497,0.525,1.8,2.2,0.783,0.3,1.9,2.2,1.9,0.6,0.4,1.3,2.1,16.2,Designated Scorers
237,318,Ersan İlyasova\ilyaser01,PF,18.4,2.5,5.7,0.438,0.9,2.4,0.363,1.6,3.3,0.493,0.514,0.9,1.1,0.824,1.4,3.1,4.5,0.8,0.5,0.3,0.7,2.6,6.8,Mobile Bigs
296,222,Evan Fournier\fournev01,SG,31.5,5.8,13.2,0.438,1.9,5.6,0.34,3.9,7.6,0.509,0.509,1.7,2.1,0.806,0.5,2.7,3.2,3.6,0.9,0.1,1.9,2.8,15.1,Designated Scorers
112,652,Evan Turner\turneev01,PG,22,2.8,6.1,0.46,0.2,0.7,0.212,2.6,5.4,0.494,0.473,1,1.5,0.708,0.5,4,4.5,3.9,0.5,0.2,1.6,1.5,6.8,Floor Generals
152,326,Frank Jackson\jacksfr01,PG,19.2,3.2,7.3,0.434,0.9,2.8,0.314,2.3,4.6,0.507,0.493,0.9,1.2,0.74,0.4,1.8,2.2,1.1,0.4,0,0.8,1.5,8.1,Role Players
464,365,Frank Kaminsky\kaminfr01,C,16.1,2.9,6.3,0.463,1.1,3,0.36,1.9,3.4,0.553,0.547,1.7,2.3,0.738,0.8,2.6,3.5,1.3,0.3,0.3,0.9,1.4,8.6,Versatile Forwards
168,435,Frank Mason\masonfr01,PG,11.4,1.9,4.4,0.42,0.4,1.7,0.219,1.5,2.8,0.543,0.462,1,1.5,0.684,0.2,1,1.1,2.2,0.4,0.1,0.9,0.9,5.1,Role Players
181,506,Frank Ntilikina\ntilila01,PG,21,2.2,6.6,0.337,0.8,2.7,0.287,1.4,3.9,0.371,0.395,0.5,0.7,0.767,0.3,1.7,2,2.8,0.7,0.3,1.3,2.4,5.7,Role Players
113,660,Fred VanVleet\vanvlfr01,PG,27.5,3.8,9.4,0.41,1.8,4.6,0.378,2.1,4.8,0.441,0.503,1.5,1.8,0.843,0.3,2.3,2.6,4.8,0.9,0.3,1.3,1.7,11,Floor Generals
400,377,Furkan Korkmaz\korkmfu01,SG,14.1,2,5.1,0.4,1,3,0.326,1.1,2.1,0.505,0.496,0.8,0.9,0.818,0.3,1.9,2.2,1.1,0.6,0,0.5,1.3,5.8,Combo Players
424,632,Garrett Temple\templga01,SG,27.2,2.8,6.6,0.422,1.2,3.5,0.341,1.6,3.1,0.515,0.513,1.1,1.4,0.748,0.4,2.5,2.9,1.4,1,0.4,0.9,2.7,7.8,Combo Players
441,137,Gary Clark\clarkga01,PF,12.6,1,3,0.331,0.8,2.7,0.297,0.2,0.3,0.692,0.467,0.1,0.1,1,0.5,1.8,2.3,0.4,0.4,0.5,0.1,0.9,2.9,Versatile Forwards
302,272,Gary Harris\harriga01,SG,28.8,4.7,11.2,0.424,1.4,4.2,0.339,3.3,6.9,0.476,0.488,2,2.5,0.799,0.7,2.1,2.8,2.2,1,0.3,1.2,2,12.9,Designated Scorers
381,294,George Hill\hillge01,PG,21.7,2.8,6.3,0.452,0.8,2.6,0.314,2,3.7,0.547,0.516,1.2,1.4,0.824,0.7,1.8,2.5,2.3,0.9,0.1,0.9,1.7,7.6,Combo Players
517,502,Georges Niang\niangge01,PF,8.7,1.5,3.1,0.475,0.7,1.8,0.41,0.7,1.3,0.566,0.594,0.3,0.4,0.833,0.2,1.3,1.5,0.6,0.2,0.1,0.4,1,4,3 Point Specialists
507,257,Gerald Green\greenge01,SG,20.2,3.2,7.9,0.4,2.1,6,0.354,1,1.9,0.547,0.535,0.8,0.9,0.838,0.4,2.1,2.5,0.5,0.5,0.4,0.8,1.7,9.2,3 Point Specialists
6,20,Giannis Antetokounmpo\antetgi01,PF,32.8,10,17.3,0.578,0.7,2.8,0.256,9.3,14.5,0.641,0.599,6.9,9.5,0.729,2.2,10.3,12.5,5.9,1.3,1.5,3.7,3.2,27.7,Stationary Bigs
187,566,Glenn Robinson\robingl02,SF,13,1.6,3.7,0.42,0.4,1.3,0.29,1.2,2.4,0.491,0.472,0.7,0.9,0.8,0.4,1.1,1.5,0.4,0.3,0.2,0.4,1,4.2,Role Players
74,188,Goran Dragić\dragigo01,PG,27.5,5,12,0.413,1.6,4.6,0.348,3.4,7.5,0.454,0.479,2.2,2.8,0.782,0.6,2.5,3.1,4.8,0.8,0.1,2,2.3,13.7,Floor Generals
379,285,Gordon Hayward\haywago01,PF,25.9,4.1,8.8,0.466,1.1,3.2,0.333,3,5.6,0.542,0.527,2.2,2.6,0.834,0.7,3.8,4.5,3.4,0.9,0.3,1.5,1.4,11.5,Combo Players
139,179,Gorgui Dieng\dienggo01,C,13.6,2.5,5,0.501,0.3,0.7,0.339,2.2,4.2,0.53,0.527,1.2,1.4,0.83,1.1,3,4.1,0.9,0.6,0.5,0.8,1.8,6.4,Role Players
121,10,Grayson Allen\allengr01,SG,10.9,1.8,4.7,0.376,0.8,2.6,0.323,0.9,2.1,0.443,0.466,1.2,1.6,0.75,0.1,0.5,0.6,0.7,0.2,0.2,0.9,1.2,5.6,Role Players
44,473,Greg Monroe\monrogr01,C,11.2,2.1,4.4,0.487,0,0.1,0.2,2.1,4.3,0.495,0.489,1,1.7,0.625,1.6,2.4,4,0.6,0.3,0.2,0.7,1.5,5.3,Stationary Bigs
216,697,Guerschon Yabusele\yabusgu01,PF,6.1,0.9,1.9,0.455,0.2,0.7,0.321,0.6,1.2,0.531,0.513,0.4,0.5,0.682,0.6,0.7,1.3,0.4,0.2,0.2,0.4,0.8,2.3,Role Players
138,178,Hamidou Diallo\diallha01,SG,10.3,1.5,3.2,0.455,0.1,0.5,0.167,1.4,2.8,0.504,0.467,0.7,1.2,0.61,0.7,1.2,1.9,0.3,0.4,0.2,0.5,1.5,3.7,Role Players
273,39,Harrison Barnes\barneha02,PF-SF,32.9,5.6,13.3,0.42,2.3,5.7,0.395,3.3,7.6,0.439,0.504,3,3.6,0.824,0.7,3.9,4.7,1.5,0.6,0.2,1.3,1.6,16.4,Designated Scorers
27,243,Harry Giles\gilesha01,PF,14.1,3,6,0.503,0,0.1,0,3,5.9,0.512,0.503,1,1.6,0.637,1.1,2.7,3.8,1.5,0.5,0.4,1.3,2.6,7,Stationary Bigs
55,679,Hassan Whiteside\whiteha01,C,23.3,5.4,9.4,0.571,0,0.2,0.125,5.4,9.2,0.581,0.572,1.5,3.4,0.449,3.6,7.8,11.3,0.8,0.6,1.9,1.3,2.7,12.3,Stationary Bigs
137,138,Ian Clark\clarkia01,SG,16.2,2.5,6.4,0.394,1.1,3.4,0.327,1.4,3,0.47,0.48,0.6,0.6,0.892,0.2,1.3,1.5,1.6,0.4,0.1,1,1.6,6.7,Role Players
167,426,Ian Mahinmi\mahinia01,C,14.6,1.4,3.1,0.452,0.1,0.5,0.188,1.3,2.6,0.5,0.466,1.2,1.8,0.689,1.4,2.4,3.8,0.7,0.7,0.5,0.6,2.5,4.1,Role Players
195,594,Iman Shumpert\shumpim01,SG,23.9,2.7,7.2,0.374,1.5,4.4,0.348,1.2,2.8,0.416,0.481,0.6,0.7,0.8,0.4,2.5,3,1.8,1,0.4,0.8,2,7.5,Role Players
125,80,Isaiah Briscoe\briscis01,PG,14.3,1.4,3.5,0.399,0.3,0.9,0.324,1.1,2.7,0.423,0.438,0.4,0.7,0.577,0.1,1.8,1.9,2.2,0.3,0.1,0.8,1.7,3.5,Role Players
110,609,Ish Smith\smithis01,PG,22.3,3.7,8.7,0.419,0.8,2.4,0.326,2.9,6.3,0.455,0.464,0.8,1.1,0.758,0.4,2.2,2.6,3.6,0.5,0.2,1.1,1.9,8.9,Floor Generals
52,553,Ivan Rabb\rabbiv01,PF,14.7,2.4,4.3,0.547,0.1,0.3,0.2,2.3,4,0.574,0.554,1,1.4,0.71,1.4,2.8,4.2,1.1,0.3,0.3,0.7,1.8,5.8,Stationary Bigs
60,38,J.J. Barea\bareajo01,PG,19.8,4.2,10.1,0.418,1,3.4,0.297,3.2,6.8,0.479,0.468,1.4,2.1,0.705,0.3,2.2,2.5,5.6,0.6,0,1.9,1.3,10.9,Floor Generals
327,556,J.J. Redick\redicjj01,SG,31.3,5.9,13.5,0.44,3.2,8,0.397,2.8,5.6,0.502,0.557,3,3.4,0.894,0.3,2.2,2.4,2.7,0.4,0.2,1.3,1.7,18.1,Designated Scorers
259,525,Jabari Parker\parkeja01,PF,26.9,5.8,11.7,0.493,1,3,0.313,4.8,8.7,0.556,0.533,2,2.9,0.712,1.2,5.3,6.6,2.4,0.7,0.5,2.4,2.3,14.5,Mobile Bigs
365,157,Jae Crowder\crowdja01,SF,27.1,4,10,0.399,2.2,6.5,0.331,1.8,3.4,0.527,0.508,1.8,2.5,0.721,0.8,4.1,4.8,1.7,0.8,0.4,1.1,2.1,11.9,Combo Players
49,515,Jahlil Okafor\okafoja01,C,15.8,3.6,6.1,0.586,0,0.1,0.2,3.6,6.1,0.591,0.587,1,1.5,0.663,1.4,3.3,4.7,0.7,0.3,0.7,0.9,1.6,8.2,Stationary Bigs
466,390,Jake Layman\laymaja01,SF,18.7,3,6,0.509,0.8,2.5,0.326,2.2,3.4,0.646,0.579,0.7,1,0.704,0.8,2.3,3.1,0.7,0.4,0.4,0.6,1.6,7.6,Versatile Forwards
63,90,Jalen Brunson\brunsja01,PG,21.8,3.6,7.7,0.467,0.9,2.5,0.348,2.8,5.3,0.523,0.523,1.2,1.6,0.725,0.3,2,2.3,3.2,0.5,0.1,1.2,1.7,9.3,Floor Generals
67,153,Jamal Crawford\crawfja01,SG,18.9,2.7,6.8,0.397,1,3.2,0.332,1.7,3.7,0.453,0.474,1.5,1.7,0.845,0.1,1.2,1.3,3.6,0.5,0.2,1.5,1.2,7.9,Floor Generals
324,490,Jamal Murray\murraja01,PG,32.6,6.8,15.6,0.437,2,5.5,0.367,4.8,10.1,0.476,0.502,2.5,3,0.848,0.9,3.4,4.2,4.8,0.9,0.4,2.1,2,18.2,Designated Scorers
445,202,James Ennis\ennisja01,SF,21.2,2.4,5.1,0.469,0.9,2.7,0.353,1.4,2.4,0.601,0.563,1,1.4,0.716,1,2.1,3.1,0.7,0.7,0.4,0.6,2.6,6.7,Versatile Forwards
375,268,James Harden\hardeja01,PG,36.8,10.8,24.5,0.442,4.8,13.2,0.368,6,11.3,0.528,0.541,9.7,11,0.879,0.8,5.8,6.6,7.5,2,0.7,5,3.1,36.1,Combo Players
154,344,James Johnson\johnsja01,PF,21.2,3,6.9,0.433,0.9,2.7,0.336,2.1,4.2,0.496,0.499,0.9,1.3,0.714,0.4,2.8,3.2,2.5,0.6,0.5,1.3,2.1,7.8,Role Players
230,258,JaMychal Green\greenja01,PF,21.1,3.5,7.3,0.483,1.1,2.7,0.403,2.4,4.6,0.53,0.558,1.2,1.6,0.792,1.6,4.7,6.3,0.8,0.7,0.5,1.3,3,9.4,Mobile Bigs
372,190,Jared Dudley\dudleja01,PF,20.7,1.7,4.1,0.423,0.9,2.6,0.351,0.8,1.5,0.545,0.533,0.5,0.8,0.696,0.6,2.1,2.6,1.4,0.6,0.3,0.7,2.2,4.9,Combo Players
514,434,Jarell Martin\martija01,PF,7.8,1,2.5,0.413,0.5,1.4,0.351,0.5,1.1,0.489,0.51,0.2,0.3,0.818,0.3,1.5,1.7,0.4,0.1,0.2,0.3,1.2,2.7,3 Point Specialists
33,327,Jaren Jackson\jacksja02,PF,26.1,5.1,10.2,0.506,0.9,2.4,0.359,4.3,7.7,0.553,0.549,2.6,3.4,0.766,1.3,3.4,4.7,1.1,0.9,1.4,1.7,3.8,13.8,Stationary Bigs
4,11,Jarrett Allen\allenja01,C,26.2,4.2,7.1,0.59,0.1,0.6,0.133,4.1,6.5,0.629,0.595,2.5,3.5,0.709,2.4,6,8.4,1.4,0.5,1.5,1.3,2.3,10.9,Stationary Bigs
43,449,JaVale McGee\mcgeeja01,C,22.3,5.3,8.5,0.624,0,0.2,0.083,5.3,8.4,0.634,0.625,1.3,2,0.632,2.6,4.9,7.5,0.7,0.6,2,1.4,2.8,12,Stationary Bigs
492,3,Jaylen Adams\adamsja01,PG,12.6,1.1,3.2,0.345,0.7,2.2,0.338,0.4,1.1,0.361,0.459,0.2,0.3,0.778,0.3,1.4,1.8,1.9,0.4,0.1,0.8,1.3,3.2,3 Point Specialists
356,86,Jaylen Brown\brownja02,SG,25.9,5,10.7,0.465,1.3,3.7,0.344,3.7,7,0.529,0.525,1.8,2.7,0.658,0.9,3.4,4.2,1.4,0.9,0.4,1.3,2.5,13,Combo Players
423,630,Jayson Tatum\tatumja01,SF,31.1,5.9,13.1,0.45,1.5,3.9,0.373,4.4,9.2,0.483,0.506,2.5,2.9,0.855,0.9,5.2,6,2.1,1.1,0.7,1.5,2.1,15.7,Combo Players
452,261,Jeff Green\greenje02,PF,27.2,4.2,8.9,0.475,1.4,4.2,0.347,2.8,4.8,0.586,0.555,2.4,2.7,0.888,0.7,3.3,4,1.8,0.6,0.5,1.3,2.1,12.3,Versatile Forwards
111,631,Jeff Teague\teaguje01,PG,30.1,4.2,9.9,0.423,0.8,2.5,0.333,3.4,7.4,0.453,0.465,2.9,3.6,0.804,0.4,2.1,2.5,8.2,1,0.4,2.3,2.1,12.1,Floor Generals
451,252,Jerami Grant\grantje01,PF,32.7,5.1,10.3,0.497,1.4,3.7,0.392,3.7,6.6,0.555,0.567,2,2.8,0.71,1.2,4,5.2,1,0.8,1.3,0.8,2.7,13.6,Versatile Forwards
402,388,Jeremy Lamb\lambje01,SG,28.5,5.5,12.4,0.44,1.5,4.2,0.348,4,8.2,0.487,0.499,2.9,3.3,0.888,0.8,4.7,5.5,2.2,1.1,0.4,1,1.8,15.3,Combo Players
90,403,Jeremy Lin\linje01,PG,19.4,3.2,7.3,0.44,0.7,2.5,0.294,2.5,4.8,0.517,0.491,2.4,2.8,0.838,0.3,2.1,2.4,3.1,0.6,0.2,1.7,1.9,9.6,Floor Generals
82,253,Jerian Grant\grantje02,PG,15.7,1.5,3.7,0.418,0.7,1.8,0.364,0.9,1.8,0.473,0.509,0.4,0.7,0.65,0.3,1.3,1.6,2.6,0.7,0.1,0.9,1.3,4.2,Floor Generals
421,567,Jerome Robinson\robinje01,SG,9.7,1.3,3.3,0.4,0.5,1.7,0.316,0.8,1.6,0.491,0.482,0.2,0.3,0.667,0.1,1.2,1.2,0.6,0.3,0.1,0.4,1.4,3.4,Combo Players
122,45,Jerryd Bayless\bayleje01,PG,19.3,2.4,6.8,0.357,0.9,2.9,0.296,1.6,3.9,0.402,0.42,0.5,0.8,0.571,0.3,1.5,1.8,3.5,0.5,0.1,0.9,1.6,6.1,Role Players
135,115,Jevon Carter\carteje01,PG,14.8,1.4,4.7,0.303,0.9,2.6,0.333,0.6,2.1,0.265,0.395,0.7,0.8,0.813,0.4,1.3,1.7,1.8,0.7,0.3,0.8,1.4,4.4,Role Players
357,103,Jimmy Butler\butleji01,SF-SG,33.6,6.4,13.9,0.462,1,3,0.347,5.4,10.9,0.494,0.499,4.8,5.6,0.855,1.9,3.4,5.3,4,1.9,0.6,1.5,1.7,18.7,Combo Players
46,503,Joakim Noah\noahjo01,C,16.5,2.6,5.1,0.516,0,0,0,2.6,5,0.519,0.516,1.9,2.6,0.716,1.4,4.3,5.7,2.1,0.5,0.7,1.2,2.3,7.1,Stationary Bigs
303,273,Joe Harris\harrijo01,SG,30.2,4.9,9.8,0.5,2.4,5.1,0.474,2.5,4.8,0.528,0.622,1.4,1.8,0.827,0.7,3.1,3.8,2.4,0.5,0.2,1.6,2.4,13.7,Designated Scorers
85,319,Joe Ingles\inglejo01,PF,31.3,4.4,9.8,0.448,2.3,5.9,0.391,2.1,3.9,0.533,0.565,1.1,1.5,0.707,0.4,3.6,4,5.7,1.2,0.2,2.4,2.2,12.1,Floor Generals
23,201,Joel Embiid\embiijo01,C,33.7,9.1,18.7,0.484,1.2,4.1,0.3,7.8,14.6,0.535,0.517,8.2,10.1,0.804,2.5,11.1,13.6,3.7,0.7,1.9,3.5,3.3,27.5,Stationary Bigs
220,140,John Collins\collijo01,PF,30,7.6,13.6,0.56,0.9,2.6,0.348,6.7,11,0.609,0.593,3.3,4.4,0.763,3.6,6.2,9.8,2,0.4,0.6,2,3.3,19.5,Mobile Bigs
114,668,John Wall\walljo01,PG,34.5,7.7,17.3,0.444,1.6,5.3,0.302,6.1,12,0.507,0.49,3.8,5.5,0.697,0.5,3.2,3.6,8.7,1.5,0.9,3.8,2.2,20.7,Floor Generals
35,400,Jon Leuer\leuerjo01,PF,9.8,1.6,2.8,0.584,0,0.3,0.091,1.6,2.5,0.637,0.588,0.6,0.8,0.742,0.7,1.7,2.4,0.3,0.3,0.1,0.6,1.5,3.8,Stationary Bigs
433,67,Jonah Bolden\boldejo01,PF,14.5,1.8,3.7,0.494,0.8,2.2,0.354,1,1.5,0.697,0.599,0.3,0.6,0.481,1.1,2.7,3.8,0.9,0.4,0.9,0.8,2.3,4.7,Versatile Forwards
238,338,Jonas Jerebko\jerebjo01,PF,16.7,2.2,4.9,0.459,0.9,2.6,0.367,1.3,2.3,0.563,0.556,0.9,1.1,0.8,1,3,3.9,1.3,0.4,0.2,0.6,1.9,6.3,Mobile Bigs
269,656,Jonas Valančiūnas\valanjo01,C,22.3,6.1,11,0.559,0.3,1,0.292,5.9,10,0.586,0.572,3,3.8,0.795,2.2,6.4,8.6,1.4,0.4,1.1,1.8,3,15.6,Mobile Bigs
32,323,Jonathan Isaac\isaacjo01,PF,26.6,3.5,8.1,0.429,1.1,3.5,0.323,2.3,4.6,0.51,0.499,1.5,1.8,0.815,1.3,4.2,5.5,1.1,0.8,1.3,1,1.9,9.6,Stationary Bigs
199,600,Jonathon Simmons\simmojo02,SG-SF,19,2.4,6.3,0.38,0.5,1.9,0.269,1.9,4.4,0.427,0.42,1.3,1.7,0.742,0.5,1.8,2.3,2.3,0.5,0.3,1.2,1.6,6.5,Role Players
10,52,Jordan Bell\belljo01,C,11.6,1.5,2.8,0.516,0,0,0,1.5,2.8,0.521,0.516,0.4,0.6,0.61,0.8,1.9,2.7,1.1,0.3,0.8,0.6,1.2,3.3,Stationary Bigs
292,139,Jordan Clarkson\clarkjo01,SG,27.3,6.5,14.6,0.448,1.8,5.5,0.324,4.8,9.1,0.524,0.509,2,2.4,0.844,1,2.3,3.3,2.4,0.7,0.2,1.7,1.4,16.8,Designated Scorers
64,107,José Calderón\caldejo01,PG,12.9,0.9,2.4,0.375,0.3,1.2,0.246,0.6,1.3,0.492,0.433,0.2,0.2,0.818,0.2,1,1.2,2.3,0.3,0.1,0.7,1.3,2.3,Floor Generals
378,282,Josh Hart\hartjo01,SG,25.6,2.8,6.9,0.407,1.4,4.1,0.336,1.4,2.8,0.511,0.506,0.8,1.2,0.688,0.5,3.2,3.7,1.4,1,0.6,0.9,2.2,7.8,Combo Players
153,328,Josh Jackson\jacksjo02,SG,25.2,4.4,10.6,0.413,0.9,2.8,0.324,3.5,7.8,0.445,0.456,1.8,2.7,0.671,0.8,3.6,4.4,2.3,0.9,0.7,2.2,2.6,11.5,Role Players
410,517,Josh Okogie\okogijo01,SG,23.7,2.6,6.9,0.386,0.8,2.9,0.279,1.8,4,0.464,0.445,1.6,2.2,0.728,0.6,2.4,2.9,1.2,1.2,0.4,0.9,2.2,7.7,Combo Players
328,559,Josh Richardson\richajo01,SG,34.8,5.8,14.1,0.412,2.2,6.3,0.357,3.5,7.8,0.458,0.492,2.7,3.2,0.861,0.7,2.9,3.6,4.1,1.1,0.5,1.5,2.7,16.6,Designated Scorers
84,299,Jrue Holiday\holidjr01,SG,35.9,8.2,17.3,0.472,1.8,5.4,0.325,6.4,11.9,0.539,0.523,3.1,4,0.768,1.1,3.9,5,7.7,1.6,0.8,3.1,2.2,21.2,Floor Generals
456,287,Juan Hernangómez\hernaju01,PF,19.4,2,4.5,0.439,0.9,2.6,0.365,1,1.9,0.541,0.545,0.9,1.2,0.767,0.9,2.9,3.8,0.8,0.4,0.3,0.5,1.3,5.8,Versatile Forwards
262,555,Julius Randle\randlju01,PF,30.6,7.8,14.9,0.524,0.9,2.7,0.344,6.9,12.2,0.564,0.555,4.9,6.7,0.731,2.2,6.5,8.7,3.1,0.7,0.6,2.8,3.4,21.4,Mobile Bigs
345,14,Justin Anderson\anderju01,SF,9.6,1.3,3.3,0.408,0.5,1.6,0.312,0.8,1.7,0.5,0.484,0.5,0.7,0.743,0.5,1.3,1.8,0.5,0.5,0.3,0.5,1,3.7,Combo Players
386,300,Justin Holiday\holidju01,SG,31.8,3.7,9.5,0.386,2,5.7,0.348,1.7,3.8,0.442,0.49,1.2,1.3,0.896,0.6,3.4,3.9,1.8,1.5,0.4,1.3,2,10.5,Combo Players
459,329,Justin Jackson\jacksju01,SF,19.9,2.7,6,0.447,1.1,3,0.355,1.6,3,0.542,0.537,0.8,1,0.785,0.5,2.1,2.6,1.2,0.4,0.2,0.4,1.2,7.2,Versatile Forwards
344,690,Justise Winslow\winslju01,SF,29.7,4.9,11.3,0.433,1.5,3.9,0.375,3.5,7.5,0.462,0.497,1.3,2.1,0.628,1,4.4,5.4,4.3,1.1,0.3,2.2,2.7,12.6,Designated Scorers
47,510,Jusuf Nurkić\nurkiju01,C,27.4,5.8,11.5,0.508,0,0.4,0.103,5.8,11.1,0.523,0.51,3.9,5.1,0.773,3.4,7,10.4,3.2,1,1.4,2.3,3.5,15.6,Stationary Bigs
268,648,Karl-Anthony Towns\townska01,C,33.1,8.8,17.1,0.518,1.8,4.6,0.4,7,12.5,0.562,0.572,4.9,5.8,0.836,3.4,9,12.4,3.4,0.9,1.6,3.1,3.8,24.4,Mobile Bigs
403,398,Kawhi Leonard\leonaka01,SF,34,9.3,18.8,0.496,1.9,5,0.371,7.5,13.8,0.542,0.546,6.1,7.1,0.854,1.3,6,7.3,3.3,1.8,0.4,2,1.5,26.6,Combo Players
482,519,Kelly Olynyk\olynyke01,PF,22.9,3.3,7.1,0.463,1.4,4,0.354,1.9,3.1,0.604,0.563,1.9,2.3,0.822,0.9,3.8,4.7,1.8,0.7,0.5,1.4,2.3,10,Versatile Forwards
411,521,Kelly Oubre\oubreke01,SF,28,5.4,12.2,0.445,1.6,4.9,0.32,3.9,7.3,0.53,0.51,2.7,3.5,0.775,1,3.7,4.7,1.2,1.2,0.9,1.5,2.6,15.2,Combo Players
340,666,Kemba Walker\walkeke02,PG,34.9,8.9,20.5,0.434,3.2,8.9,0.356,5.7,11.6,0.494,0.511,4.6,5.5,0.844,0.6,3.8,4.4,5.9,1.2,0.4,2.6,1.6,25.6,Designated Scorers
24,212,Kenneth Faried\farieke01,C,19.7,4.2,7.2,0.589,0.2,0.7,0.32,4,6.5,0.617,0.604,1.7,2.7,0.646,2.6,4.1,6.8,0.5,0.5,0.6,0.9,2.2,10.4,Stationary Bigs
429,684,Kenrich Williams\willike04,SF,23.5,2.3,6.1,0.384,1.1,3.4,0.333,1.2,2.7,0.447,0.477,0.3,0.4,0.684,1.2,3.6,4.8,1.8,1,0.4,0.8,2.1,6.1,Combo Players
351,47,Kent Bazemore\bazemke01,SG,24.5,4.1,10.3,0.402,1.4,4.5,0.32,2.7,5.8,0.465,0.472,1.9,2.6,0.726,0.6,3.3,3.9,2.3,1.3,0.6,1.8,2.5,11.6,Combo Players
361,108,Kentavious Caldwell-Pope\caldwke01,SG,24.8,4,9.2,0.43,1.8,5.3,0.347,2.1,3.9,0.542,0.53,1.7,1.9,0.867,0.6,2.3,2.9,1.3,0.9,0.2,0.8,1.7,11.4,Combo Players
444,192,Kevin Durant\duranke01,SF,34.6,9.2,17.7,0.521,1.8,5,0.353,7.5,12.8,0.587,0.571,5.7,6.5,0.885,0.4,5.9,6.4,5.9,0.7,1.1,2.9,2,26,Versatile Forwards
307,312,Kevin Huerter\huertke01,SG,27.3,3.7,8.8,0.419,1.8,4.7,0.385,1.9,4.1,0.457,0.522,0.5,0.7,0.732,0.8,2.5,3.3,2.9,0.9,0.3,1.5,2.1,9.7,Designated Scorers
310,376,Kevin Knox\knoxke01,PF,28.8,4.5,12.2,0.37,1.7,4.9,0.343,2.8,7.3,0.387,0.438,2.2,3,0.717,0.8,3.7,4.5,1.1,0.6,0.3,1.5,2.3,12.8,Designated Scorers
37,408,Kevon Looney\looneke01,C,18.5,2.7,4.3,0.625,0,0.1,0.1,2.7,4.2,0.641,0.627,0.8,1.3,0.619,2.4,2.8,5.2,1.5,0.6,0.7,0.6,2.6,6.3,Stationary Bigs
11,58,Khem Birch\birchkh01,C,12.9,1.8,3,0.603,0,0,0,1.8,3,0.607,0.603,1.2,1.7,0.699,1.6,2.2,3.8,0.8,0.4,0.6,0.4,1.4,4.8,Stationary Bigs
319,458,Khris Middleton\middlkh01,SF,31.1,6.6,14.9,0.441,2.3,6.2,0.378,4.2,8.8,0.485,0.519,2.8,3.4,0.837,0.6,5.3,6,4.3,1,0.1,2.3,2.2,18.3,Designated Scorers
338,644,Klay Thompson\thompkl01,SG,34,8.4,18,0.467,3.1,7.7,0.402,5.3,10.3,0.516,0.553,1.7,2,0.816,0.5,3.4,3.8,2.4,1.1,0.6,1.5,2,21.5,Designated Scorers
75,191,Kris Dunn\dunnkr01,PG,30.2,4.7,11,0.425,0.7,2.1,0.354,3.9,8.9,0.441,0.458,1.2,1.5,0.797,0.4,3.7,4.1,6,1.5,0.5,2.3,3.6,11.3,Floor Generals
5,15,Kyle Anderson\anderky01,SF,29.8,3.5,6.4,0.543,0.2,0.8,0.265,3.3,5.6,0.583,0.56,0.9,1.5,0.578,1.1,4.7,5.8,3,1.3,0.9,1.3,2.6,8,Stationary Bigs
509,379,Kyle Korver\korveky01,SG-PF,19.1,2.9,6.9,0.416,2,5,0.397,0.9,1.9,0.467,0.559,0.9,1,0.822,0.1,2.2,2.3,1.2,0.4,0.2,0.8,1.5,8.6,3 Point Specialists
311,384,Kyle Kuzma\kuzmaky01,PF,33.1,7.1,15.5,0.456,1.8,6,0.303,5.3,9.5,0.553,0.515,2.7,3.6,0.752,0.9,4.6,5.5,2.5,0.6,0.4,1.9,2.4,18.7,Designated Scorers
92,412,Kyle Lowry\lowryky01,PG,34,4.7,11.4,0.411,2.4,7,0.347,2.3,4.4,0.514,0.518,2.5,3,0.83,0.6,4.2,4.8,8.7,1.4,0.5,2.8,2.6,14.2,Floor Generals
48,513,Kyle O'Quinn\oquinky01,C,8.2,1.5,3,0.507,0,0.3,0.083,1.5,2.8,0.548,0.511,0.4,0.5,0.81,0.6,2,2.6,1.2,0.2,0.6,0.7,1.5,3.5,Stationary Bigs
86,322,Kyrie Irving\irvinky01,PG,33,9,18.5,0.487,2.6,6.5,0.401,6.4,12,0.533,0.557,3.2,3.7,0.873,1.1,3.9,5,6.9,1.5,0.5,2.6,2.5,23.8,Floor Generals
3,8,LaMarcus Aldridge\aldrila01,C,33.2,8.4,16.3,0.519,0.1,0.5,0.238,8.3,15.8,0.528,0.522,4.3,5.1,0.847,3.1,6.1,9.2,2.4,0.5,1.3,1.8,2.2,21.3,Stationary Bigs
207,625,Lance Stephenson\stephla01,SG,16.5,2.7,6.4,0.426,1.1,2.9,0.371,1.6,3.5,0.472,0.51,0.7,1.1,0.685,0.5,2.7,3.2,2.1,0.6,0.1,1.3,1.6,7.2,Role Players
208,643,Lance Thomas\thomala01,PF,17,1.7,4.3,0.396,0.5,1.7,0.278,1.2,2.6,0.475,0.452,0.6,0.8,0.75,0.5,2.1,2.5,0.6,0.4,0.2,0.5,1.8,4.5,Role Players
522,591,Landry Shamet\shamela01,SG,22.8,3,7.1,0.431,2.1,5,0.422,0.9,2,0.453,0.581,0.9,1.2,0.806,0.3,1.4,1.7,1.5,0.5,0.1,0.6,2,9.1,3 Point Specialists
505,232,Langston Galloway\gallola01,SG,21.8,2.9,7.3,0.388,1.7,4.8,0.355,1.2,2.6,0.449,0.503,1,1.2,0.844,0.6,1.5,2.1,1.1,0.5,0.1,0.3,1.7,8.4,3 Point Specialists
258,499,Larry Nance\nancela02,C,26.8,3.7,7.1,0.52,0.5,1.5,0.337,3.2,5.7,0.567,0.554,1.4,2,0.716,2.5,5.7,8.2,3.2,1.5,0.6,1.4,2.9,9.4,Mobile Bigs
247,433,Lauri Markkanen\markkla01,PF,32.3,6.6,15.3,0.43,2.3,6.4,0.361,4.3,8.9,0.479,0.506,3.3,3.8,0.872,1.4,7.6,9,1.4,0.7,0.6,1.6,2.3,18.7,Mobile Bigs
87,333,LeBron James\jamesle01,SF,35.2,10.1,19.9,0.51,2,5.9,0.339,8.1,14,0.582,0.56,5.1,7.6,0.665,1,7.4,8.5,8.3,1.3,0.6,3.6,1.7,27.4,Floor Generals
59,36,Lonzo Ball\balllo01,PG,30.3,3.9,9.7,0.406,1.6,4.9,0.329,2.3,4.9,0.482,0.488,0.4,1,0.417,1.1,4.2,5.3,5.4,1.5,0.4,2.2,2.4,9.9,Floor Generals
117,685,Lou Williams\willilo02,SG,26.6,6.5,15.2,0.425,1.4,3.9,0.361,5.1,11.3,0.447,0.471,5.7,6.5,0.876,0.5,2.4,3,5.4,0.8,0.1,2.4,1.1,20,Floor Generals
370,182,Luka Dončić\doncilu01,SG,32.2,7,16.5,0.427,2.3,7.1,0.327,4.7,9.3,0.503,0.497,4.8,6.7,0.713,1.2,6.6,7.8,6,1.1,0.3,3.4,1.9,21.2,Combo Players
309,369,Luke Kennard\kennalu01,SG,22.8,3.6,8.3,0.438,1.7,4.3,0.394,1.9,4,0.486,0.54,0.8,1,0.836,0.2,2.7,2.9,1.8,0.4,0.2,0.9,1.5,9.7,Designated Scorers
508,378,Luke Kornet\kornelu01,PF,17,2.3,6.2,0.378,1.5,4.2,0.363,0.8,2,0.411,0.502,0.8,1,0.826,0.6,2.3,2.9,1.2,0.6,0.9,0.5,0.9,7,3 Point Specialists
287,82,Malcolm Brogdon\brogdma01,SG,28.6,5.9,11.7,0.505,1.6,3.8,0.426,4.3,7.9,0.544,0.575,2.2,2.4,0.928,1,3.5,4.5,3.2,0.7,0.2,1.4,1.6,15.6,Designated Scorers
279,49,Malik Beasley\beaslma01,SG,23.2,4.3,9.1,0.474,2,5,0.402,2.3,4.1,0.56,0.584,0.7,0.8,0.848,0.4,2,2.5,1.2,0.7,0.1,0.7,1.4,11.3,Designated Scorers
175,472,Malik Monk\monkma01,SG,17.2,3.1,8,0.387,1.5,4.5,0.33,1.6,3.5,0.461,0.48,1.2,1.4,0.882,0.2,1.7,1.9,1.6,0.5,0.3,1.2,1.5,8.9,Role Players
223,234,Marc Gasol\gasolma01,C,30.8,4.9,11,0.448,1.3,3.5,0.363,3.7,7.6,0.487,0.505,2.4,3.2,0.759,1,6.9,7.9,4.4,1.1,1.1,2,2.7,13.6,Mobile Bigs
280,51,Marco Belinelli\belinma01,SG,23,3.6,8.7,0.413,1.9,5,0.372,1.7,3.7,0.468,0.52,1.4,1.6,0.903,0.2,2.3,2.5,1.7,0.4,0.1,0.9,1.5,10.5,Designated Scorers
253,482,Marcus Morris\morrima03,PF,27.9,5,11.3,0.447,1.9,5.2,0.375,3.1,6.1,0.508,0.533,1.9,2.3,0.844,1,5.1,6.1,1.5,0.6,0.3,1.2,2.4,13.9,Mobile Bigs
109,605,Marcus Smart\smartma01,SG,27.5,3,7.1,0.422,1.6,4.3,0.364,1.4,2.8,0.511,0.533,1.3,1.6,0.806,0.7,2.2,2.9,4,1.8,0.4,1.5,2.5,8.9,Floor Generals
380,289,Mario Hezonja\hezonma01,SF,20.8,3.3,8,0.412,0.7,2.6,0.276,2.6,5.4,0.478,0.457,1.5,2,0.763,0.5,3.6,4.1,1.5,1,0.1,1.5,1.9,8.8,Combo Players
254,483,Markieff Morris\morrima02,PF,21.9,3.5,8.3,0.421,1.2,3.5,0.335,2.3,4.8,0.484,0.492,1.2,1.6,0.772,1.1,3.5,4.6,1.4,0.6,0.4,0.9,3,9.4,Mobile Bigs
136,134,Marquese Chriss\chrisma01,PF,11.6,1.6,4.2,0.372,0.4,1.7,0.222,1.2,2.5,0.472,0.417,0.7,1,0.711,0.9,2.4,3.3,0.5,0.4,0.3,0.8,1.9,4.2,Role Players
218,31,Marvin Bagley\baglema01,PF,25.3,5.7,11.4,0.504,0.5,1.5,0.313,5.3,9.8,0.534,0.525,2.9,4.2,0.691,2.6,5,7.6,1,0.5,1,1.6,1.9,14.9,Mobile Bigs
489,686,Marvin Williams\willima02,PF,28.4,3.7,8.7,0.422,1.9,5.1,0.366,1.8,3.6,0.5,0.529,0.9,1.1,0.767,1,4.4,5.4,1.2,0.9,0.8,0.6,2.1,10.1,Versatile Forwards
50,539,Mason Plumlee\plumlma01,C,21.1,3.2,5.4,0.593,0,0.1,0.2,3.2,5.3,0.602,0.595,1.4,2.4,0.561,2,4.4,6.4,3,0.8,0.9,1.5,3.1,7.8,Stationary Bigs
68,171,Matthew Dellavedova\dellama01,PG,16.9,2,5,0.405,0.9,2.7,0.338,1.1,2.3,0.482,0.496,0.9,1.1,0.808,0.1,1.5,1.6,3.8,0.3,0,1.4,1.6,5.9,Floor Generals
453,269,Maurice Harkless\harklma01,SF,23.6,3.2,6.5,0.487,0.6,2,0.275,2.6,4.5,0.582,0.53,0.8,1.2,0.671,1.3,3.2,4.5,1.2,1.1,0.9,0.8,2.7,7.7,Versatile Forwards
465,372,Maxi Kleber\klebima01,PF,21.2,2.5,5.4,0.453,1.1,3.1,0.353,1.4,2.4,0.583,0.553,0.8,1,0.784,1.3,3.4,4.6,1,0.5,1.1,0.8,2,6.8,Versatile Forwards
467,399,Meyers Leonard\leoname01,C,14.4,2.2,4,0.545,0.8,1.8,0.45,1.3,2.1,0.626,0.649,0.7,0.8,0.843,0.8,3,3.8,1.2,0.2,0.1,0.7,1.7,5.9,Versatile Forwards
245,370,Michael Kidd-Gilchrist\kiddgmi01,PF,18.4,2.5,5.2,0.476,0.3,0.7,0.34,2.2,4.5,0.498,0.5,1.5,1.9,0.772,1.4,2.5,3.8,1,0.5,0.6,0.7,2.4,6.7,Mobile Bigs
354,78,Mikal Bridges\bridgmi01,SF,29.5,3,6.9,0.43,1.3,3.8,0.335,1.7,3,0.548,0.523,1.2,1.4,0.805,0.7,2.5,3.2,2.1,1.6,0.5,0.9,2.5,8.3,Combo Players
66,144,Mike Conley\conlemi01,PG,33.5,7,16,0.438,2.2,6.1,0.364,4.8,9.9,0.483,0.507,4.9,5.8,0.845,0.6,2.8,3.4,6.4,1.3,0.3,1.9,1.8,21.1,Floor Generals
477,492,Mike Muscala\muscami01,PF,20.4,2.3,5.6,0.402,1.4,4,0.348,0.9,1.6,0.533,0.525,1.1,1.3,0.824,0.9,2.9,3.8,1.2,0.3,0.6,0.8,2,7,Versatile Forwards
487,583,Mike Scott\scottmi01,PF,17.7,2.1,5.3,0.4,1.3,3.2,0.401,0.8,2.1,0.399,0.52,0.3,0.4,0.667,0.5,2.9,3.5,0.8,0.3,0.2,0.6,2,5.8,Versatile Forwards
355,79,Miles Bridges\bridgmi02,SF,21.2,3,6.4,0.464,0.8,2.5,0.325,2.2,3.9,0.553,0.527,0.7,1,0.753,0.8,3.2,4,1.2,0.7,0.6,0.6,1.4,7.5,Combo Players
8,37,Mo Bamba\bambamo01,C,16.3,2.5,5.2,0.481,0.4,1.5,0.3,2,3.7,0.555,0.525,0.8,1.3,0.587,1.4,3.6,5,0.8,0.3,1.4,0.9,2.2,6.2,Stationary Bigs
96,486,Monte Morris\morrimo01,PG,24,4.2,8.6,0.493,1.1,2.8,0.414,3.1,5.8,0.531,0.56,0.8,1,0.802,0.4,1.9,2.4,3.6,0.9,0,0.6,1.2,10.4,Floor Generals
28,270,Montrezl Harrell\harremo01,C,26.3,6.7,10.8,0.615,0,0.2,0.176,6.6,10.6,0.623,0.617,3.2,5,0.643,2.2,4.3,6.5,2,0.9,1.3,1.6,3.1,16.6,Stationary Bigs
212,664,Moritz Wagner\wagnemo01,C,10.4,1.7,4,0.415,0.5,1.8,0.286,1.1,2.2,0.521,0.48,1,1.2,0.811,0.4,1.6,2,0.6,0.3,0.3,0.9,1.3,4.8,Role Players
54,653,Myles Turner\turnemy01,C,28.6,5.1,10.5,0.487,1,2.6,0.388,4.1,7.9,0.521,0.536,2,2.7,0.736,1.4,5.8,7.2,1.6,0.8,2.7,1.4,2.6,13.3,Stationary Bigs
432,60,Nemanja Bjelica\bjeline01,PF,23.2,3.7,7.7,0.479,1.3,3.3,0.401,2.4,4.4,0.539,0.566,0.9,1.2,0.761,1.6,4.1,5.8,1.9,0.7,0.7,1.1,2.6,9.6,Versatile Forwards
29,293,Nenê Hilário\hilarne01,C,13,1.4,2.8,0.517,0,0.1,0,1.4,2.7,0.531,0.517,0.7,1.1,0.66,0.8,2.1,2.9,0.6,0.4,0.4,0.3,2.1,3.6,Stationary Bigs
493,44,Nicolas Batum\batumni01,SF,31.4,3.4,7.5,0.45,1.5,4,0.389,1.8,3.5,0.519,0.553,1,1.2,0.865,0.9,4.3,5.2,3.3,0.9,0.6,1.6,1.9,9.3,3 Point Specialists
527,621,Nik Stauskas\stausni01,SG,14.9,2,5,0.402,1,2.8,0.372,1,2.2,0.44,0.506,0.8,0.9,0.891,0.3,1.6,1.9,1.2,0.3,0.1,0.8,0.7,5.9,3 Point Specialists
240,354,Nikola Jokić\jokicni01,C,31.3,7.7,15.1,0.511,1,3.4,0.307,6.7,11.7,0.569,0.545,3.6,4.4,0.821,2.9,8,10.8,7.3,1.4,0.7,3.1,2.9,20.1,Mobile Bigs
249,467,Nikola Mirotić\mirotni01,PF,27.1,5.2,11.8,0.439,2.5,6.9,0.365,2.7,4.9,0.545,0.546,2.3,2.7,0.847,1.3,6.1,7.4,1.2,0.7,0.7,1,2.3,15.2,Mobile Bigs
271,662,Nikola Vučević\vucevni01,C,31.4,8.8,16.9,0.518,1.1,2.9,0.364,7.7,14,0.549,0.549,2.2,2.8,0.789,2.8,9.2,12,3.8,1,1.1,2,2,20.8,Mobile Bigs
270,661,Noah Vonleh\vonleno01,PF,25.3,3,6.5,0.47,0.7,2,0.336,2.4,4.5,0.531,0.523,1.6,2.3,0.712,1.7,6.1,7.8,1.9,0.7,0.8,1.3,2.6,8.4,Mobile Bigs
420,550,Norman Powell\powelno01,SG,18.8,3.2,6.7,0.483,1.1,2.8,0.4,2.1,3.8,0.543,0.568,1,1.3,0.827,0.3,2.1,2.3,1.5,0.7,0.2,1.1,1.6,8.6,Combo Players
346,23,OG Anunoby\anunoog01,SF,20.2,2.7,6,0.453,1,3,0.332,1.7,3,0.574,0.536,0.5,0.9,0.581,0.9,2.1,2.9,0.7,0.7,0.3,0.8,2.1,7,Combo Players
267,620,Omari Spellman\spellom01,PF,17.5,2.1,5.3,0.402,1,2.8,0.344,1.2,2.5,0.466,0.492,0.7,1,0.711,1.6,2.7,4.2,1,0.6,0.5,0.7,1.5,5.9,Mobile Bigs
363,122,Omri Casspi\casspom01,SF,14.4,2.4,4.5,0.534,0.4,1.2,0.349,2,3.3,0.602,0.581,1.1,1.6,0.672,0.5,2.7,3.2,0.7,0.6,0.3,0.6,1,6.3,Combo Players
416,543,Otto Porter\porteot01,SF,30.1,5.3,11.5,0.465,1.9,4.6,0.406,3.5,6.9,0.504,0.546,1.4,1.7,0.813,1,4.6,5.6,2.1,1.5,0.6,1.2,1.9,13.9,Combo Players
428,651,P.J. Tucker\tuckepj01,PF,34.2,2.5,6.4,0.396,1.8,4.7,0.377,0.7,1.7,0.449,0.535,0.5,0.7,0.695,1.5,4.4,5.8,1.2,1.6,0.5,0.8,3.1,7.3,Combo Players
266,597,Pascal Siakam\siakapa01,PF,31.9,6.5,11.8,0.549,1,2.7,0.369,5.5,9.1,0.602,0.591,3,3.8,0.785,1.6,5.3,6.9,3.1,0.9,0.7,1.9,3,16.9,Mobile Bigs
442,145,Pat Connaughton\connapa01,SG,20.7,2.7,5.7,0.466,1.1,3.3,0.33,1.6,2.5,0.647,0.56,0.5,0.7,0.725,1,3.2,4.2,2,0.5,0.4,0.5,1.3,6.9,Versatile Forwards
61,57,Patrick Beverley\beverpa01,PG,27.4,2.5,6.1,0.407,1.4,3.6,0.397,1.1,2.5,0.421,0.524,1.2,1.6,0.78,1,4,5,3.8,0.9,0.6,1.1,3.4,7.6,Floor Generals
518,530,Patrick Patterson\pattepa01,PF,13.7,1.3,3.5,0.374,0.7,2.2,0.336,0.6,1.3,0.439,0.479,0.3,0.5,0.633,0.7,1.7,2.3,0.5,0.3,0.2,0.3,0.7,3.6,3 Point Specialists
320,464,Patty Mills\millspa02,PG,23.3,3.4,8.1,0.425,1.9,4.9,0.394,1.5,3.2,0.475,0.545,1.1,1.3,0.854,0.3,1.9,2.2,3,0.6,0.1,1.1,1.6,9.9,Designated Scorers
373,241,Paul George\georgpa01,SF,36.9,9.2,21,0.438,3.8,9.8,0.386,5.4,11.1,0.484,0.529,5.9,7,0.839,1.4,6.8,8.2,4.1,2.2,0.4,2.7,2.8,28,Combo Players
248,465,Paul Millsap\millspa01,PF,27.1,4.6,9.5,0.484,0.8,2.3,0.365,3.8,7.2,0.522,0.528,2.6,3.6,0.727,2.2,5,7.2,2,1.2,0.8,1.4,2.6,12.6,Mobile Bigs
415,542,Quincy Pondexter\pondequ01,SF,5.5,0.5,1.1,0.5,0.1,0.3,0.333,0.4,0.8,0.575,0.552,0.6,0.8,0.81,0.2,0.7,0.9,0.5,0.2,0,0.2,0.5,1.8,Combo Players
498,146,Quinn Cook\cookqu01,PG,14.3,2.8,5.9,0.465,1.1,2.7,0.405,1.7,3.2,0.515,0.557,0.3,0.4,0.769,0.3,1.8,2.1,1.6,0.3,0,0.7,1.2,6.9,3 Point Specialists
104,569,Rajon Rondo\rondora01,PG,29.8,3.8,9.4,0.405,1.1,3.1,0.359,2.7,6.3,0.428,0.464,0.5,0.8,0.639,0.7,4.5,5.3,8,1.2,0.2,2.8,2.2,9.2,Floor Generals
179,501,Raul Neto\netora01,PG,12.8,2,4.4,0.46,0.5,1.6,0.333,1.5,2.7,0.535,0.522,0.8,0.9,0.848,0.2,1.5,1.7,2.5,0.4,0.1,0.9,1.3,5.3,Role Players
141,217,Raymond Felton\feltora01,PG,11.5,1.7,4.1,0.407,0.6,1.8,0.328,1.1,2.2,0.473,0.481,0.4,0.4,0.923,0.1,0.9,1,1.6,0.3,0.2,0.4,0.9,4.3,Role Players
288,92,Reggie Bullock\bullore01,SG,29.8,3.9,9.4,0.412,2.3,6.2,0.377,1.5,3.2,0.483,0.537,1.2,1.3,0.859,0.3,2.4,2.7,2,0.6,0.2,1,1.7,11.3,Designated Scorers
308,332,Reggie Jackson\jacksre01,PG,27.9,5.4,12.8,0.421,2.1,5.7,0.369,3.3,7,0.464,0.504,2.5,2.9,0.864,0.5,2.1,2.6,4.2,0.7,0.1,1.8,2.5,15.4,Designated Scorers
106,573,Ricky Rubio\rubiori01,PG,27.9,4.3,10.7,0.404,1.2,3.7,0.311,3.2,7,0.454,0.458,2.9,3.4,0.855,0.5,3.1,3.6,6.1,1.3,0.1,2.6,2.6,12.7,Floor Generals
364,148,Robert Covington\covinro01,SF,34.4,4.5,10.3,0.431,2.4,6.4,0.378,2,3.9,0.518,0.548,1.9,2.5,0.764,0.8,4.7,5.5,1.3,2.1,1.3,1.3,3.6,13.3,Combo Players
38,410,Robin Lopez\lopezro01,C,21.7,4.1,7.2,0.568,0.1,0.4,0.226,4,6.8,0.589,0.575,1.2,1.7,0.724,1.9,2,3.9,1.2,0.1,1.1,1.3,1.7,9.5,Stationary Bigs
401,383,Rodions Kurucs\kurucro01,SF,20.5,3.2,7.1,0.45,0.9,2.9,0.315,2.3,4.2,0.543,0.514,1.1,1.5,0.783,0.9,3,3.9,0.8,0.7,0.4,1.2,2.3,8.5,Combo Players
148,306,Rodney Hood\hoodro01,SG,26.3,4.1,9.3,0.435,1.2,3.3,0.356,2.9,6,0.478,0.498,1.9,2.2,0.884,0.3,1.8,2.2,1.8,0.8,0.2,0.8,2,11.2,Role Players
169,450,Rodney McGruder\mcgruro01,SG,23.5,2.8,7,0.403,1.2,3.4,0.351,1.6,3.6,0.453,0.489,0.8,1.1,0.722,0.9,2.7,3.6,1.7,0.5,0.2,1,1.7,7.6,Role Players
147,304,Rondae Hollis-Jefferson\holliro01,SF,20.9,3.4,8.3,0.411,0.2,0.8,0.184,3.2,7.4,0.436,0.42,2,3.1,0.645,1.4,3.8,5.3,1.6,0.7,0.5,1.2,1.8,8.9,Role Players
409,512,Royce O'Neale\onealro01,SF,20.4,2,4.2,0.475,0.8,2.1,0.386,1.2,2,0.569,0.574,0.4,0.5,0.762,0.3,3.2,3.5,1.5,0.7,0.3,0.9,2.1,5.2,Combo Players
227,240,Rudy Gay\gayru01,PF,26.7,5.4,10.8,0.504,1.1,2.7,0.402,4.4,8.1,0.537,0.554,1.7,2.1,0.816,0.9,5.9,6.8,2.6,0.8,0.5,1.7,2.3,13.7,Mobile Bigs
115,676,Russell Westbrook\westbru01,PG,36,8.6,20.2,0.428,1.6,5.6,0.29,7,14.5,0.481,0.468,4.1,6.2,0.656,1.5,9.6,11.1,10.7,1.9,0.5,4.5,3.4,22.9,Floor Generals
57,24,Ryan Arcidiacono\arcidry01,PG,24.2,2.3,5.2,0.447,1,2.7,0.373,1.3,2.5,0.527,0.544,1.1,1.3,0.873,0.3,2.4,2.7,3.3,0.8,0,0.8,2.1,6.7,Floor Generals
495,81,Ryan Broekhoff\broekry01,SG,10.8,1.4,3,0.452,0.9,2.2,0.409,0.5,0.8,0.576,0.603,0.4,0.5,0.789,0.2,1.3,1.5,0.5,0.1,0.1,0.4,0.8,4,3 Point Specialists
474,455,Salah Mejri\mejrisa01,C,11.1,1.5,3.1,0.491,0.3,0.9,0.324,1.2,2.2,0.564,0.54,0.6,0.9,0.625,1,2.6,3.6,1,0.3,0.7,0.6,1.5,3.9,Versatile Forwards
366,167,Sam Dekker\dekkesa01,PF,16.8,2.6,5.4,0.469,0.4,1.3,0.306,2.1,4.1,0.521,0.506,0.6,1,0.609,1.1,2,3.1,1,0.8,0.1,0.5,1,6.1,Combo Players
481,514,Semi Ojeleye\ojelese01,PF,10.6,1.2,2.8,0.424,0.5,1.6,0.315,0.7,1.2,0.565,0.513,0.4,0.7,0.615,0.4,1.1,1.5,0.4,0.2,0.1,0.3,0.8,3.3,Versatile Forwards
31,316,Serge Ibaka\ibakase01,C,27.2,6.3,11.9,0.529,0.7,2.3,0.29,5.6,9.6,0.586,0.557,1.8,2.4,0.763,2.1,6,8.1,1.3,0.4,1.4,1.5,2.9,15,Stationary Bigs
501,159,Seth Curry\curryse01,SG,18.9,2.9,6.3,0.456,1.5,3.4,0.45,1.3,2.9,0.463,0.577,0.6,0.7,0.846,0.4,1.3,1.6,0.9,0.5,0.2,0.8,1.3,7.9,3 Point Specialists
178,500,Shabazz Napier\napiesh01,PG,17.6,3,7.8,0.389,1.4,4.1,0.333,1.7,3.7,0.449,0.476,2.1,2.5,0.833,0.3,1.5,1.8,2.6,0.7,0.3,1.2,1.2,9.4,Role Players
143,244,Shai Gilgeous-Alexander\gilgesh01,PG,26.5,4.2,8.7,0.476,0.6,1.7,0.367,3.5,7,0.503,0.512,1.9,2.4,0.8,0.7,2.1,2.8,3.3,1.2,0.5,1.7,2.1,10.8,Role Players
377,281,Shaquille Harrison\harrish01,PG,19.6,2.5,5.8,0.432,0.3,1.2,0.27,2.2,4.6,0.475,0.46,1.1,1.7,0.667,0.5,2.6,3,1.9,1.2,0.4,0.8,1.7,6.5,Combo Players
36,406,Shaun Livingston\livinsh01,PG,15.1,1.7,3.3,0.519,0,0,0,1.7,3.3,0.524,0.519,0.6,0.8,0.784,0.7,1.2,1.8,1.8,0.5,0.4,0.6,1.2,4,Stationary Bigs
93,421,Shelvin Mack\macksh01,PG,21.9,2.9,7.1,0.404,0.8,2.3,0.354,2.1,4.8,0.429,0.462,1,1.5,0.69,0.3,1.5,1.8,3.2,0.8,0.1,1.2,1.5,7.5,Floor Generals
209,646,Sindarius Thornwell\thornsi01,SG,4.9,0.3,0.8,0.347,0,0.2,0.2,0.2,0.5,0.412,0.378,0.4,0.5,0.735,0.1,0.6,0.7,0.3,0.2,0.1,0.3,0.6,1,Role Players
385,297,Solomon Hill\hillso01,SF,20,1.5,4,0.382,0.7,2.3,0.317,0.8,1.8,0.468,0.472,0.5,0.7,0.719,0.8,2.3,3,1.3,0.5,0.2,0.7,1.8,4.3,Combo Players
73,180,Spencer Dinwiddie\dinwisp01,PG,28.1,5.4,12.2,0.442,1.8,5.4,0.335,3.6,6.7,0.528,0.517,4.2,5.2,0.806,0.4,2.1,2.4,4.6,0.6,0.3,2.2,2.8,16.8,Floor Generals
396,345,Stanley Johnson\johnsst04,SF,18.3,2.6,6.7,0.389,0.9,3.3,0.288,1.7,3.4,0.484,0.459,0.8,1,0.781,0.5,2.8,3.3,1.3,0.9,0.2,1.2,1.7,6.9,Combo Players
293,160,Stephen Curry\curryst01,PG,33.8,9.2,19.4,0.472,5.1,11.7,0.437,4,7.7,0.525,0.604,3.8,4.2,0.916,0.7,4.7,5.3,5.2,1.3,0.4,2.8,2.4,27.3,Designated Scorers
434,88,Sterling Brown\brownst02,SG,17.8,2.5,5.4,0.465,0.9,2.5,0.361,1.6,2.8,0.558,0.55,0.5,0.7,0.69,0.5,2.7,3.2,1.4,0.4,0.1,0.8,1.5,6.4,Versatile Forwards
1,4,Steven Adams\adamsst01,C,33.4,6,10.1,0.595,0,0,0,6,10.1,0.596,0.595,1.8,3.7,0.5,4.9,4.6,9.5,1.6,1.5,1,1.7,2.6,13.9,Stationary Bigs
176,495,Sviatoslav Mykhailiuk\mykhasv01,SF,10.5,1.1,3.3,0.329,0.7,2.1,0.326,0.4,1.2,0.333,0.432,0.3,0.5,0.6,0.2,0.6,0.9,0.9,0.3,0,0.5,0.6,3.2,Role Players
34,391,T.J. Leaf\leaftj01,PF,9,1.7,3.2,0.541,0.1,0.5,0.258,1.6,2.6,0.599,0.563,0.3,0.5,0.613,0.7,1.4,2.2,0.4,0.2,0.3,0.2,0.6,3.9,Stationary Bigs
95,447,T.J. McConnell\mccontj01,PG,19.3,2.9,5.5,0.525,0.2,0.6,0.333,2.7,5,0.546,0.542,0.4,0.5,0.784,0.4,1.9,2.3,3.4,1,0.2,1.2,1.4,6.4,Floor Generals
342,672,T.J. Warren\warretj01,SF,31.6,6.9,14.2,0.486,1.8,4.2,0.428,5.1,10,0.51,0.549,2.3,2.9,0.815,0.7,3.3,4,1.5,1.2,0.7,1.2,2.8,18,Designated Scorers
228,242,Taj Gibson\gibsota01,PF,24.1,4.3,7.7,0.566,0.2,0.5,0.324,4.2,7.2,0.583,0.576,1.9,2.5,0.757,2.5,4.1,6.5,1.2,0.8,0.6,1,2.7,10.8,Mobile Bigs
341,670,Taurean Waller-Prince\princta02,SF,28.2,4.8,10.8,0.441,2.2,5.7,0.39,2.5,5.1,0.498,0.545,1.7,2.1,0.819,0.4,3.2,3.6,2.1,1,0.3,1.8,2.6,13.5,Designated Scorers
449,218,Terrance Ferguson\fergute01,SG,26.1,2.5,5.8,0.429,1.4,3.9,0.366,1.1,1.9,0.56,0.552,0.5,0.7,0.725,0.4,1.5,1.9,1,0.5,0.2,0.6,3.1,6.9,Versatile Forwards
331,571,Terrence Ross\rosste01,SG,26.5,5.4,12.7,0.428,2.7,7,0.383,2.8,5.7,0.484,0.534,1.6,1.8,0.875,0.3,3.1,3.5,1.7,0.9,0.4,1.1,1.5,15.1,Designated Scorers
188,572,Terry Rozier\roziete01,PG,22.7,3.3,8.4,0.387,1.5,4.3,0.353,1.8,4.2,0.422,0.477,0.9,1.2,0.785,0.4,3.5,3.9,2.9,0.9,0.3,0.9,1.3,9,Role Players
422,586,Thabo Sefolosha\sefolth01,SF,12.2,1.4,3,0.477,0.7,1.6,0.436,0.7,1.4,0.521,0.591,0.3,0.4,0.636,0.2,2.3,2.5,0.5,0.9,0.1,0.5,0.8,3.8,Combo Players
430,699,Thaddeus Young\youngth01,PF,30.7,5.5,10.4,0.527,0.6,1.8,0.349,4.8,8.6,0.564,0.557,1.1,1.7,0.644,2.4,4.1,6.5,2.5,1.5,0.4,1.5,2.4,12.6,Combo Players
12,91,Thomas Bryant\bryanth01,C,20.8,4.3,7,0.616,0.5,1.4,0.333,3.8,5.6,0.685,0.648,1.5,1.9,0.781,1.6,4.7,6.3,1.3,0.3,0.9,0.8,1.8,10.5,Stationary Bigs
469,427,Thon Maker\makerth01,C-PF,15.2,1.7,4.2,0.407,0.8,2.4,0.32,0.9,1.8,0.522,0.498,0.9,1.3,0.667,0.6,2.5,3.2,0.7,0.3,0.8,0.5,1.6,5,Versatile Forwards
78,225,Tim Frazier\fraziti01,PG,19,2,4.4,0.444,0.6,1.7,0.366,1.3,2.7,0.494,0.515,0.7,0.9,0.759,0.7,2.2,2.8,4.2,0.5,0.1,1.3,1.9,5.3,Floor Generals
298,265,Tim Hardaway\hardati02,SG,31.6,6,15.3,0.393,2.5,7.3,0.34,3.5,7.9,0.442,0.474,3.6,4.2,0.841,0.5,2.9,3.4,2.4,0.8,0.1,1.6,2.2,18.1,Designated Scorers
404,415,Timothé Luwawu-Cabarrot\luwawti01,SF,13.4,1.6,4.4,0.376,0.7,2.3,0.31,0.9,2,0.451,0.459,0.6,0.8,0.756,0.2,1.7,1.9,0.5,0.4,0.2,0.4,1.5,4.6,Combo Players
234,274,Tobias Harris\harrito02,PF,34.7,7.5,15.3,0.487,1.9,4.8,0.397,5.5,10.5,0.528,0.549,3.2,3.7,0.866,0.8,7,7.9,2.8,0.6,0.5,1.8,2.2,20,Mobile Bigs
107,581,Tomáš Satoranský\satorto01,PG,27.1,3.2,6.6,0.485,0.8,2,0.395,2.4,4.6,0.524,0.545,1.6,2,0.819,1,2.5,3.5,5,1,0.2,1.5,2.2,8.9,Floor Generals
97,528,Tony Parker\parketo01,PG,17.9,3.8,8.3,0.46,0.2,0.9,0.255,3.6,7.4,0.485,0.474,1.6,2.2,0.734,0.3,1.2,1.5,3.7,0.4,0.1,1.3,0.9,9.5,Floor Generals
526,616,Tony Snell\snellto01,SF,17.6,2.2,4.9,0.452,1.1,2.8,0.397,1.1,2.1,0.522,0.564,0.5,0.6,0.881,0.4,1.7,2.1,0.9,0.4,0.2,0.3,1.2,6,3 Point Specialists
443,152,Torrey Craig\craigto01,SF,20,2.1,4.8,0.442,0.8,2.5,0.324,1.3,2.3,0.569,0.526,0.7,0.9,0.7,1.2,2.3,3.5,1,0.5,0.6,0.6,2.3,5.7,Versatile Forwards
120,700,Trae Young\youngtr01,PG,30.9,6.5,15.5,0.418,1.9,6,0.324,4.6,9.6,0.477,0.48,4.2,5.1,0.829,0.8,2.9,3.7,8.1,0.9,0.2,3.8,1.7,19.1,Floor Generals
374,2511,Treveon Graham\grahatr01,SG,20.4,1.8,5.5,0.335,1.1,3.7,0.297,0.7,1.8,0.413,0.435,0.5,0.6,0.818,0.7,2.4,3.1,1,0.4,0.2,0.5,1.9,5.3,Combo Players
347,25,Trevor Ariza\arizatr01,SF,34,4.3,10.7,0.399,2.1,6.3,0.334,2.2,4.4,0.493,0.498,1.9,2.4,0.793,0.7,4.7,5.4,3.7,1.3,0.3,1.5,1.9,12.5,Combo Players
128,95,Trey Burke\burketr01,PG,19.4,4.1,9.4,0.431,1,2.7,0.352,3.1,6.7,0.463,0.482,1.8,2.1,0.831,0.5,1.2,1.7,2.7,0.6,0.1,0.8,1,10.9,Role Players
405,419,Trey Lyles\lylestr01,PF,17.5,3.2,7.7,0.418,0.8,3.1,0.255,2.4,4.6,0.529,0.47,1.3,1.8,0.698,0.7,3.2,3.8,1.4,0.5,0.4,1.1,1.5,8.5,Combo Players
127,89,Troy Brown\browntr01,SF,14,1.9,4.5,0.415,0.4,1.3,0.319,1.4,3.2,0.455,0.462,0.6,0.9,0.681,0.7,2.1,2.8,1.5,0.4,0.1,0.6,1.1,4.8,Role Players
502,161,Troy Daniels\danietr01,SG,14.9,2.2,5.4,0.411,1.5,3.8,0.381,0.8,1.6,0.481,0.545,0.4,0.5,0.783,0.3,1.2,1.4,0.5,0.5,0.1,0.5,1.5,6.2,3 Point Specialists
371,183,Tyler Dorsey\dorsety01,SG,14.5,2.2,5.5,0.405,0.9,2.8,0.333,1.3,2.8,0.477,0.489,0.8,1.3,0.623,0.6,1.8,2.4,1.2,0.3,0,0.6,1.1,6.2,Combo Players
155,348,Tyler Johnson\johnsty01,PG,26.8,3.8,9.2,0.413,1.6,4.6,0.346,2.2,4.7,0.477,0.498,1.7,2.2,0.748,0.6,2.4,3,2.9,0.9,0.5,1.4,1.7,10.9,Role Players
140,210,Tyreke Evans\evansty01,SG,20.3,3.7,9.6,0.389,1.1,3.1,0.356,2.6,6.4,0.405,0.448,1.7,2.3,0.719,0.5,2.4,2.9,2.4,0.8,0.3,1.7,1.7,10.2,Role Players
213,669,Tyrone Wallace\wallaty01,PG,10.1,1.5,3.5,0.424,0.1,0.3,0.211,1.4,3.2,0.444,0.433,0.5,0.9,0.526,0.3,1.3,1.6,0.7,0.3,0.1,0.6,1.3,3.5,Role Players
14,126,Tyson Chandler\chandty01,C,15.9,1.1,1.8,0.616,0,0,0,1.1,1.8,0.622,0.616,0.9,1.6,0.586,1.7,3.9,5.6,0.7,0.4,0.4,0.8,2,3.1,Stationary Bigs
88,360,Tyus Jones\jonesty01,PG,22.9,2.7,6.6,0.415,0.6,1.9,0.317,2.1,4.7,0.453,0.46,0.9,1,0.841,0.3,1.6,2,4.8,1.2,0.1,0.7,1.1,6.9,Floor Generals
325,518,Victor Oladipo\oladivi01,SG,31.9,6.9,16.3,0.423,2.1,6,0.343,4.9,10.3,0.47,0.486,2.9,3.9,0.73,0.6,5,5.6,5.2,1.7,0.3,2.3,2,18.8,Designated Scorers
436,116,Vince Carter\cartevi01,PF,17.5,2.6,6.2,0.419,1.6,4.2,0.389,1,2,0.48,0.55,0.6,0.9,0.712,0.4,2.1,2.6,1.1,0.6,0.4,0.6,1.9,7.4,Versatile Forwards
503,198,Wayne Ellington\ellinwa01,SG,24.5,3.5,8.6,0.403,2.6,7,0.371,0.9,1.6,0.541,0.554,0.7,0.9,0.796,0.3,1.8,2,1.4,1,0.1,0.8,1.7,10.3,3 Point Specialists
189,587,Wayne Selden\seldewa01,SG,19.2,2.6,6.4,0.406,0.7,2.3,0.316,1.9,4.1,0.456,0.463,0.9,1.2,0.728,0.5,1.9,2.4,1.5,0.4,0.2,1.1,1.7,6.9,Role Players
13,117,Wendell Carter\cartewe01,C,25.2,4.1,8.4,0.485,0.1,0.7,0.188,4,7.7,0.513,0.493,2,2.5,0.795,2,5,7,1.8,0.6,1.3,1.5,3.5,10.3,Stationary Bigs
151,324,Wesley Iwundu\iwundwe01,SF,18.1,1.7,4,0.412,0.4,1.2,0.367,1.2,2.9,0.431,0.465,1.2,1.5,0.816,0.5,2.2,2.7,1.1,0.4,0.3,0.6,1.8,5,Role Players
159,351,Wesley Johnson\johnswe01,SF,14.1,1.2,3.4,0.352,0.7,2,0.329,0.5,1.4,0.385,0.449,0.3,0.5,0.684,0.3,1.6,1.9,0.6,0.4,0.3,0.5,1.7,3.4,Role Players
314,437,Wesley Matthews\matthwe02,SF-SG,30.3,4,10.1,0.4,2.2,5.8,0.372,1.9,4.3,0.437,0.507,1.9,2.4,0.81,0.5,2,2.5,2.3,0.8,0.2,1.3,2.3,12.2,Designated Scorers
277,42,Will Barton\bartowi01,SG,27.7,4.3,10.7,0.402,1.6,4.6,0.342,2.7,6.1,0.447,0.475,1.3,1.7,0.77,0.7,3.9,4.6,2.9,0.4,0.5,1.5,1.9,11.5,Designated Scorers
219,123,Willie Cauley-Stein\caulewi01,C,27.3,5.1,9.1,0.556,0,0,0.5,5.1,9.1,0.556,0.557,1.7,3.1,0.551,2.2,6.1,8.4,2.4,1.2,0.6,1,2.8,11.9,Mobile Bigs
236,288,Willy Hernangómez\hernawi01,C,14,2.6,5.1,0.519,0.3,0.7,0.385,2.4,4.4,0.539,0.544,1.7,2.5,0.694,2,3.3,5.4,1,0.3,0.3,1,1.7,7.3,Mobile Bigs
437,129,Wilson Chandler\chandwi01,PF-SF,23.1,2.2,5.4,0.418,1.2,3.1,0.373,1.1,2.3,0.478,0.526,0.4,0.5,0.72,0.9,3.3,4.2,1.6,0.5,0.4,0.9,2.4,6,Versatile Forwards
142,219,Yogi Ferrell\ferreyo01,PG,15,2.2,5,0.435,0.8,2.1,0.362,1.4,2.9,0.488,0.511,0.8,0.9,0.896,0.2,1.4,1.5,1.9,0.5,0.1,0.6,0.9,5.9,Role Players
18,141,Zach Collins\colliza01,C,17.6,2.5,5.2,0.473,0.5,1.6,0.331,1.9,3.6,0.534,0.523,1.2,1.6,0.746,1.4,2.8,4.2,0.9,0.3,0.9,1,2.3,6.6,Stationary Bigs
312,389,Zach LaVine\lavinza01,SG,34.5,8.4,18,0.467,1.9,5.1,0.374,6.5,12.9,0.504,0.52,5,6,0.832,0.6,4,4.7,4.5,1,0.4,3.4,2.2,23.7,Designated Scorers
184,524,Zaza Pachulia\pachuza01,C,12.9,1.3,2.8,0.44,0,0.1,0,1.3,2.8,0.45,0.44,1.4,1.8,0.782,1.5,2.4,3.9,1.3,0.5,0.3,0.8,2.2,3.9,Role Players